,count,hate_speech,offensive_language,neither,class,tweet
85,3,2,1,0,0,"""queer"" gaywad"
202,3,2,1,0,0,"""""At least I'm not a nigger"" "
204,3,2,1,0,0,"""Ariza is a snake and a coward"" but at least he isn't a cripple like your hero Roach lmaoo"
219,6,3,2,1,0,"""Drakes new shoes that will be released by Nike/Jordan.... Yes, there's glitter on the shoes  ....dudes a fag"
260,3,2,1,0,0,"""#GerrysHalloweenParty  Halloween was yesterday stupid nigger"
312,3,2,1,0,0,"""is bored supposed to be cute, you faggot?"" Sometimes"
315,3,2,1,0,0,"""lassen cc , the coach wants me"" i feel it youll get more my nig no doubt"
349,3,2,1,0,0,"""Jackies a retard #blondeproblems"" At least I can make a grilled cheese!"
352,3,2,1,0,0,"""Stacey Dash won   baddest bitch evaaaa"
437,3,2,1,0,0,"""Don't worry about the nigga you see, worry about the nigga you DON'T see... Dat's da nigga fuckin yo bitch."""
519,3,2,1,0,0,"""Let's kill cracker babies!"". WTF did I just hear???????? WOW."
526,3,2,1,0,0,"""My grandma used to call me a porch monkey all the time... Come to think of it she did refer to a broken bottle as a nigger knife"" "
531,3,2,1,0,0,"""Nah its You  yo i thought some1 photoshopped my face on that faggot smmfh...i hate yall"" "
565,3,2,1,0,0,"""These sour apple bitter bitches, I'm not fuckin wit em"""
583,3,2,1,0,0,"""We're out here, and we're queer!""
"" 2, 4, 6, hut! We like it in our butt!"""
587,3,2,1,0,0,"""Who the fuck you callin jiggaboo, nigga?!"""
603,3,2,1,0,0,"""You ain't gunna do shit spear chucker"""
614,3,2,1,0,0,"""You ol trout mouth ass bitch"" 
DEEEEAAAADD"
625,3,2,1,0,0,"""ayo i even kill handicapped and crippled bitches/look at my scalp real close and you'll see triple sixes"""
635,3,2,1,0,0,"""fuck you you pussy ass hater go suck a dick and die quick"" - Someone, to me, in Youtube comments. I think we'd be good friends."
646,3,2,1,0,0,"""on my way to fuck your bitch in the name of The Lord"" - Mr. Race"
647,3,2,1,0,0,"""poor whitey"" "
663,3,2,0,1,0,"#AZmonsoon lot of rain, too bad it wasn't enough to wash away the teabagger racist white trash in the state. #Tcot #teaparty #azflooding"
684,3,2,1,0,0,#California is full of white trash who moved from #Oklahoma
690,3,2,0,1,0,#DTLA is trash because of non-Europeans are allowed to live there.
699,3,2,0,1,0,#Dutch farmers are white trash.
731,3,2,1,0,0,#Iowa is full of white trash
733,3,2,1,0,0,#JesusChrist was STRAIGHT That's why the #faggots killed him. #PERIOD #SonOfGod
759,3,2,1,0,0,#ReasonsWeCantBeTogether if u was talkin to my nig or smashed da homies
762,3,2,1,0,0,"#RebelScience ......is using an ACTUAL WOMAN as a genetic engineering lab for ""all natural clones""..... or something...... #faggot #rome"
775,3,2,1,0,0,"#SlightlyAdjusted RT Alls niggers wanna do is fuck, tweet, and drink pineapple soda all day"
776,3,2,1,0,0,#SomethingIGetAlot Are you... asian? black? Hawaiian? gay? retarded? drunk?
788,3,2,1,0,0,#ThingsIWillTeachMyChild how to play deez niggas n bitches dat be snakes
792,3,2,1,0,0,"#TrayvonMartin referred to Zimmerman as a ""creepy ass cracker"". Racist thug."
793,3,2,1,0,0,"#TweetLikePontiacHolmes
I do the Pontiac sprinkler...

Nigga nigga nigga nigga spic spic spic spic nigga nigga nigga nigga"
797,3,2,1,0,0,#Virginia is full of white trash.
799,3,2,1,0,0,#WestVirginia is full of white trash.
832,3,2,0,1,0,"#faggots are MERELY a #scientific indicator that SOMETHING IS WRONG Do not celebrate as ""unique indiviuals"" for they are #cancer"
846,3,2,0,1,0,#milesthompson #goauche #wetback #ca 
966,3,2,1,0,0, Racist all month .. Fuck u honkey
969,3,2,1,0,0, RT LMFAO RT If you watching porn  beating off  yo homie text u  it show his name in the banner you're a faggot
976,3,2,1,0,0, fucc nicca yu pose to be pullin up
988,3,2,1,0,0," i just said that RT My TL gotta chill with this pretty face challenge foolishness, y'all hoes agg"
1006,3,2,1,0,0,RT Them 1st 48 Charlotte goon niccas gon Fkkk around and burn Bank Of America stadium down
1051,3,2,1,0,0, RT They recruited buku fags in here!...a warehouse is no place for them!
1068,3,2,0,1,0,"lbum de fotos: gaywrites: In the Making, a project by and for queer students at Harvard, highlights the... "
1097,4,3,1,0,0,This is awkward u fag  wonder who's awesome tank that is 
1142,3,2,1,0,0,"If u ask me, every bitch gayor ""bi"""
1203,3,2,1,0,0,"We agree... do you?  FUCK YES, I DO! Send those illegal, wetbacks home!!!"
1224,3,2,1,0,0,HELL YA THEY SHOULD MAKE MORE MALT LIQUOR ADS LIKE THIS.  Dis be heaven fo a colored man
1253,3,2,1,0,0,Tea bag a bitch. Pahahaha
1260,3,2,1,0,0,"""fucking white people""  bitch wut?"
1280,3,2,1,0,0,"you like 5'8, you needs to....1. You a hoe. 2. i'm 5'10(breaking11) 3.suck my dick."
1394,3,2,1,0,0,Dudes shaving without it being for an athletic purpose is gay af you're retarded.
1418,3,2,1,0,0,"I love the song ""John Doe"" #dope faggots"
1420,3,2,1,0,0,Just got done with my last final and I'm walkin around campus like I own this place queer.
1431,3,2,1,0,0,You dammn Weed potheads are annoying af on Twitter weed and pot are the same thing faggot
1437,3,2,1,0,0,Who is she? RT Y'all hype that bread loaf chick up but I'm a chill a dyke rapper
1438,3,2,1,0,0,Cowboys win games during the regular season but when they get to the playoffs that trash af lol hating ass nigga
1522,3,2,1,0,0,"shut the fuck up, you fucking trash nigga, work on another ring "
1542,3,2,1,0,0,"damn they got wifey 

Fall back nigga .. I don't share my hoes"
1633,3,2,1,0,0,Shoot that nigga and his shorty bitch  
1680,3,2,1,0,0,My phone charging backwards  retarded
1694,3,2,1,0,0,You aint special niglet RT When I'm chilling wit Greg ppl walk up to me to ask me to take picshatin
1708,3,2,1,0,0,RT Lemme find out you niggaz letting bitches shit on yo faces  niggas is weirdos
1747,3,2,1,0,0,"u a regular nig, u played out b lol ima b Ig famousthese days that counts for somethin"
1814,3,2,1,0,0,I hate that bitch  the fact that oomf likes her.. just no  retweeettt 1000x.
1825,3,2,1,0,0, bitch ass nigga fuck you !   these hoes ain't got no manners #RealTalk
1853,3,2,1,0,0,That one friend who you greet with an insult. niggers
1909,3,2,1,0,0,#faggot #Respect
1925,3,2,1,0,0,"o u unfollowed me so i can't dm u, so i'll say it here, you're a rude cunt lmao you can dm me"
1937,3,2,1,0,0,i want affection 24/7 but i also want to be left alone 24/7... do you see the issue here?fag
2006,3,2,1,0,0,when they say him they mean dyke Ron #wcw 
2027,3,2,1,0,0,' Don't sleep on ma niggah CHood  
2036,3,2,1,0,0,' Happppppy Birthdayyyy  lol . Niggahs is really 21 in this bitch  . 
2065,3,2,1,0,0,"' If this ugly ass niggah can be with her , I can too . Tf she with Chuu Baka for anyways this niggah look like a... "
2112,3,2,1,0,0,' This niggah pharrell or whatever this niggah name is don't deserve shit for that white ass gay song .
2128,3,2,1,0,0,"'Damn you, whitey!' You'll get a kick out of the 'newest form of white privilege' "
2149,3,2,1,0,0,"*goes to olive garden*
*Turns into a cracker*
""*goes black friday shopping*

*turns into a nigger*"""
2163,3,2,1,0,0,",me gusta ""typing like a retard to make the other person look dumber by pretending to agree with them"" bazinga"
2165,3,2,1,0,0,------RT ankle socks in general are for the faggots bro
2229,3,2,1,0,0,2 beer queer
2231,3,2,1,0,0,2 hoes 1 dyke
2262,3,2,1,0,0,5000 white men in pick up trucks screaming nigger and my coach got the nerve to get mad I missed the free throw 
2297,3,2,1,0,0,I bet he's a Starbucks queer
2348,3,2,1,0,0,faggot
2407,3,2,1,0,0,but I live in the South. Lot more here. My pop lives in Rhode Island. Hardly no niggers there.
2408,3,2,1,0,0,"So basically you like the background music, fag."
2438,3,2,1,0,0,this is retarded
2440,3,2,1,0,0,can't wait for more PEDS is that it? Roid munching faggot
2453,3,2,1,0,0,fight me 1 on 1 ur choice of game faggot see what happens
2472,3,2,1,0,0,guys not supposed to get their ass sucked queer
2486,3,2,0,1,0,"Welcome to the movement. Anyone who gets even minor publicity is a queer, fed, or jew (well, according to the internet)."
2493,3,2,1,0,0,ape? Fuck u broke ass racist
2499,3,2,1,0,0,I do not like talking to you faggot and I did but in a nicely way fag
2500,3,2,1,0,0,"answer my snapchat faggot 
#butthurt"
2516,3,2,1,0,0,do i literally eat asshole for a living? is that what i actually do faggot? You seem a little confused..
2521,3,2,1,0,0,"so ur faggot teammate hits someone late like that and U say he's yapping and yelling, u guys def 69 in the room"
2547,3,2,1,0,0,send them damn beaners back where they belong n the US aint it
2555,3,2,1,0,0,cracker jack shut the fuck up
2585,3,2,1,0,0,you'd like that wouldn't you fag
2587,3,2,1,0,0,He looks like a fag and his time line is boring Zzzzzz
2625,3,2,1,0,0,lmfao go to bed whitey 
2635,3,2,1,0,0,pass the Fosters faggot
2636,3,2,1,0,0,yea....what did it do for Maidana? It made him a greedy faggot loser. Atleast Broner is black...
2656,3,2,1,0,0,yea u stupid faggot. I'm not leaving till like 5-6pm. Want a ride?
2657,3,2,0,1,0,never followed him ignorant monkey
2670,3,2,1,0,0,your a nasty nigger whore
2680,3,2,1,0,0,wow!!! Are you comin back up here?  they some bitch niggas
2684,3,2,1,0,0,I'd like to rape the bitch that posted that.
2687,3,2,1,0,0,"Fuck you, faggot."
2691,3,2,1,0,0,These new nigga hipster hypebeasts love all these faggot ass bright colors and Nike keeps giving them what they want smh
2704,3,2,1,0,0,Joe Cortez is the ultimate faggot that fight proved it
2706,3,2,1,0,0,all us beaners were pissed like robert when the jew ref stopped it
2708,3,2,1,0,0,true sand niggers  bum Brits claim he's a ATG hall of fame legend smh
2720,3,2,0,1,0,racist tx trash racist why wld u intvw n ask racist questions itwas so disrespectful
2780,3,2,1,0,0,you styl gotta get dem tweets off my nig
2819,3,2,1,0,0,you need to accept the fact that you're both hipster faggots.
2822,3,2,1,0,0,"your gay stfu, dumb monkey"
2830,3,2,1,0,0,chase you God damn faggot 
2832,3,2,0,1,0,be gone my nigguh
2842,3,2,1,0,0,shut up chink.!!!
2852,3,2,1,0,0,"you call someone a faggot and then say to kill themselves, you are a pathetic human being. A fucking disgrace."
2868,3,2,0,1,0,"true! I miss yall man, yall are my brothers. Is mikey starting? And what about the chink? Lmfao"
2902,3,2,1,0,0,Because you're a fag
2912,3,2,1,0,0,wetback 
2958,3,2,1,0,0,you look like fucking shrek bitch
2962,3,2,1,0,0,get on cunt
2968,3,2,1,0,0,bitch shut the fuck up goddam your a slut bitch whore nigga
2969,3,2,1,0,0,jk I'd fuck a dog before I fuck you fish pussy
2976,3,2,1,0,0,because if you support lesbians you have to support faggots there's no difference.
2985,3,2,1,0,0,that hoe on some other shit bro rt and 100x better rn that a nigga high
3002,3,2,1,0,0,I'd hate feeling like a faggot too punk ass hoe
3003,3,2,1,0,0,how about you wash my butthole out with your tongue you little faggot
3007,3,2,1,0,0,"those little #ISIS faggots usually have bags over their heads anyway. 
Makes bullet placement interesting thru a scope."
3012,3,2,1,0,0,fags
3014,3,2,1,0,0,"purple  pink....for the faggots who want to be protected...by the police, instead of BEARING ARMS if need be!"
3018,3,2,1,0,0,shut up fag
3044,3,2,0,1,0,this like a retarded wu-tang clan
3048,3,2,1,0,0,beans u beaner?
3049,3,2,1,0,0,you wouldn't know fag
3054,3,2,1,0,0,"An enraged 6'4"" 290 lb Mike Brown lethal weapon on legs.His hatred 4 the police  whitey added fuel 2 his arsenal"
3073,3,2,1,0,0,I just learned how many retards you can find when you search trending topics.
3074,3,2,1,0,0,That's not bias. It's an objective fact that Philly fans are cunts.
3125,3,2,1,0,0,"sounds like a good idea. But I want my word to be spread. Jews, niggers and commies alike."
3134,3,2,1,0,0,you both sure do You want to give a free pass to every border jumper in this country you two are what's wrong here
3136,3,2,1,0,0,because she's a nigger
3139,3,2,1,0,0,you have a redneck attitude. The same people that think Benghazzi is real think Fox fake nws is real. Your one
3161,3,2,1,0,0,becuz no man should celebrate his bday at a drreams #faggot
3173,3,2,1,0,0,hoe don't make me put up screenshots of your texts to me hoe
3184,6,4,1,1,0,jus wanted to let yll know hope the hurricane kills your soca sunday trash #LORDWILLIN
3190,3,2,1,0,0,ew queer white thirsty bitch
3192,3,2,1,0,0,omg gtfo white faggot
3203,3,2,1,0,0,"yes now get off twitter, you lame negros should have never learned how to use the Internet"
3205,3,2,1,0,0,hahahaha youza fuck wigger
3210,3,2,1,0,0,"""leave you beaner retard"""
3241,3,2,1,0,0,heyyyyyyyyyyy fag boy am I gonna watch you play?
3242,3,2,1,0,0,"Says the old man :( I hope you can survive another 10 years, you silly Jigga boo monkey"
3271,3,2,1,0,0,hoe don't tweet me
3275,3,2,1,0,0,"Hope you guys do get attacked for supporting SOPA, bunch of dirty snake faggots."
3278,3,2,1,0,0,"Go pray in a church or something fag, no one cares about your religious bullshit."
3280,3,2,0,1,0,"That band is white trash, and only white trash would buy that album."
3310,3,2,1,0,0,haha ight nig calm yoself
3315,3,2,1,0,0,fucking block your white ass because you try to start shit like a fucking queer so fuck you NIGGA
3316,3,2,1,0,0,ight nigga haha fucking queer has to clear his schedule
3318,3,2,1,0,0,roid rage much faggot?
3325,3,2,1,0,0,legit retard
3348,3,2,1,0,0,"they want what I got, I want what they got, America.they got the word nigger, I want it to"
3363,3,2,1,0,0,"Sion is a faggot. Very meh ganks pre-6 and post-6 his ganks are still pretty meh he's just a tank, nothing special imo Mao +"
3369,3,2,1,0,0,your low info redneck dumbasses vote for these corporate shills that idiots like you believe #dummies
3370,3,2,1,0,0,Move out of our country teabaggers!
3382,3,2,1,0,0,those god damn chinks. 
3398,3,2,1,0,0,#niggerfood #niggerperson #you #are #a #nigger
3400,6,4,2,0,0,ok wat ever u say whitey. u prolly never even seen shaft.
3408,3,2,1,0,0,"im American, don't give 2 shits about the beaners, ship them beaners back"
3411,3,2,1,0,0,y don't that bitch just shoot herself? so sick of all those whores!
3417,3,2,1,0,0,that was so gay. And I was tanning bitch. Juvie made me white
3431,3,2,1,0,0,nigger!!
3449,3,2,1,0,0,it was a joke you fugly bitch be happy uncle snoop even acknowledged your nasty ass lmao
3464,3,2,1,0,0,"Ok u fat precious lookin ass bitch, u big fat back at the barnyard lookin ass bitch. I can fix my grammar but u still fat"
3470,3,2,1,0,0,that's not even a real word! Must have hit a blunt and started making up shit with your nigger ass lol
3478,3,2,1,0,0,done that spell check we know you meant fat liberal Dyke feminist Nazi bitches
3501,3,2,1,0,0,randies are fags
3503,3,2,1,0,0,just fuckin roasted this faggot
3508,3,2,1,0,0,we should hang out ovenjew. Have a lot in common. People waste time on nigs. Jews r r problem.
3511,3,2,1,0,0,that should read suck on my bacon encrusted middle finger Muslim twats
3525,3,2,1,0,0,*yourself *faggot buy a dictionary
3532,3,2,1,0,0,can always gets da colored folk back in da cage wit da KFC
3538,3,2,1,0,0,nothin much cousin touching white trash wigger wannabe bitch boy dick sucking fucking gay bitch
3550,3,2,0,1,0,But...country music listeners really are hicks and alcoholics 
3554,3,2,1,0,0,and fuck you too ya little bitch you look like a Mexican sucking a cock in ur profile
3557,3,2,0,1,0,niger
3563,3,2,1,0,0,what do you want fag
3564,3,2,1,0,0,your a fag
3567,3,2,1,0,0,shut up you stupid bitch
3591,3,2,1,0,0,fag
3597,3,2,1,0,0,faggot
3598,3,2,1,0,0,not funny u faggot
3600,3,2,1,0,0,ur brother looks so queer and ugly
3611,3,2,0,1,0,"I remember his nephew Lucas crying and dan saying ""quit being such a pussy and grow a pair"" or something.  dans so funny."
3634,3,2,1,0,0,good leave you stupid faggot
3635,3,2,1,0,0,"huh, lol mad nigger is mad"
3657,3,2,1,0,0,lmao madonnas music sucks? yeah you're fucking stupid if you think gaga is better. retard
3660,3,2,1,0,0,happy birthday faggot
3664,3,2,1,0,0,"and how am I assume shit 
,hmm cuz u don't know what fuck u talking about crackers these days."
3672,3,2,1,0,0,I guess blaspheme to your Allah is ok if your pos muzzie huh? @Darknight420
3699,3,2,1,0,0,"damn took this dumb spic nearly 2 days to respond, wuz really good tho beaner?"
3700,3,2,1,0,0,"shut yo beaner ass up spic and hop your faggot ass back across the border little nigga, go listen to some pitbull"
3720,3,2,1,0,0,fuck u nigger
3759,3,2,1,0,0,ugly nigger
3778,3,2,1,0,0,"gotta love it when the islamofascist cow tries to make a retort about age, typical muzzie idiocy"
3801,3,2,0,1,0,"nahh , whatever you are spook or spic, I still don't like you . Good day"
3805,3,2,1,0,0,so if your 17 and in high school you dont have your own house you fucking faggot
3815,3,2,1,0,0,Because Ian's retarded
3835,3,2,0,1,0,"i got a dyke wit a child as whse mgr, and she jus hired another girlboy dis week...."
3844,3,2,1,0,0,u pulled.that queer shit as spon as u put no homo lol
3860,6,4,2,0,0,"I have never seen such ignorant, illiterate pieces of shit in my life. Bring in Natl Guard  disperse this trash. @bassem_masri"
3869,7,6,1,0,0,fucking losers wetbacks #SorryNotSorry
3906,3,2,1,0,0,idk you into mouthy spics on welfare with 6 kids and 3 baby daddy's?
3927,3,2,0,1,0, you're a coon
3952,3,2,1,0,0,"Yeah! Me too. My people, the women, laff at the set apart men... they love the real niggas or niggers."
3954,3,2,0,1,0,"They have mix, not all are retards. AAP is Maoists, terrorists,Congies and delusional Retards"
3962,3,2,1,0,0,hey aklve! Im taking out the black ghetto trash. Youre blocked nigger
4030,3,2,1,0,0,you a fag b
4048,3,2,1,0,0,geta Life faggot
4065,3,2,1,0,0,shut your legs hoe
4117,3,2,1,0,0,shut up coon.
4123,3,2,1,0,0,I don't follow you because everything about your company is white trash.
4124,3,2,1,0,0,You really seem to love Sandusky. Weirdo. Ur a creepy ass cracker!
4125,3,2,1,0,0,stop trolling me u creepy ass cracker!!!
4130,3,2,1,0,0,"
She be what we say in da hood white trash"
4131,3,2,0,1,0,"
Yall whitey gots to PAY fo da preparations"
4153,3,2,1,0,0,I wasn't serious bitch  bitch them niggas i named ain't fuccing witcho ass  we all just making shit up 
4156,3,2,1,0,0,I swear to god nigger you better still hang with me before work. You got my hype
4157,3,2,1,0,0,do you work today niglet?
4178,3,2,1,0,0,ugly gay nigga bitch fucking peace of shit
4182,3,2,1,0,0,"fuck you, stupid ass coward ass punk bitch faggot ass racist piece of shit. Punk. Bitch, ain't worth my time!"
4208,3,2,1,0,0,"only one problem theres a ""no pussies allowed"" sorry @kerrythekilla..."
4221,3,2,1,0,0,lmao nigga shoulda said I would be balless bc dat cold bitch wont stop blowin me#swaagg
4231,3,2,1,0,0,"Hey fag, I said this was your aunts. *He* said it was you."
4264,3,2,1,0,0,big fucking deal...cry baby niggers
4273,3,2,0,1,0,what did you search? Gay redneck episode 1 play?
4298,3,2,1,0,0,your getting blocked faggot
4306,3,2,1,0,0,just like a nig to come home when ever they want
4315,3,2,1,0,0,look at this nigger ass nigger shit right here
4325,3,2,1,0,0,niggers*
4338,3,2,1,0,0,yes I'm white washed because I don't go around repping my hood and saying a bunch of ignorant nig terms.
4356,3,2,1,0,0,fuck you fag!
4357,3,2,1,0,0,fuck you niggah you gay. Lol
4378,3,2,1,0,0,it was Paul McCartney faggot
4391,3,2,0,1,0,Screw the ragheads.
4394,3,2,1,0,0,you fuckin Yankees I'll be there in 2 months I'll meet you pussy
4396,3,2,1,0,0,dryer then them bad ass eyes of your fag
4422,3,2,1,0,0,back up faggot
4429,3,2,1,0,0,new york niggas quick to take off on a bitch in public boy lol!!!!!
4438,3,2,1,0,0,Fucking coon
4451,3,2,1,0,0,You retarded bruh lol
4479,3,2,1,0,0,lmaoo what a fag
4512,3,2,1,0,0,fuck those faggots
4514,3,2,1,0,0,i agree my fellow cracker.
4518,3,2,0,1,0,You are full of it! These so called children are not children. They are illegal border jumpers MS!# gang members.
4519,3,2,1,0,0,And the only band that sucked worse live is those fags Guns  Poses.
4527,3,2,1,0,0,"
I likes dat name. Dem sand niggers needs to know dare place in da pecker order"
4528,3,2,1,0,0,"Jesus I would love to do that and more to those muzzie torturers, fucking animal savages"
4534,3,2,1,0,0,I'm not a fag. Gtfo
4552,3,2,1,0,0,no ur wrong stupid nigger
4572,3,2,1,0,0,"lmao, soft ass nigga trying to act all tough, you a little bitch. Sit down and watch from the sidelines pussy."
4585,3,2,1,0,0,faggot sack
4594,3,2,1,0,0,whooooo? Chelsey? Fuck her lol. She juss a bitch
4595,3,2,1,0,0,bruh we can finally roll like rednecks (': ((drug dealers))
4598,3,2,1,0,0,well he's a cunt and he can suck my ass
4609,3,2,0,1,0,why ur profile a one armed nigger?
4615,3,2,1,0,0,"you tell me, coon."
4618,3,2,1,0,0,happy birthday nicca do coon shit in a responsible way.
4645,3,2,0,1,0,I wouldn't be proud that faze is in your family. He's horrible for one and two he's ugly trailer trash... #fazeisgay
4665,3,2,1,0,0,EYE WITNESS: Joel is a faggot
4677,3,2,1,0,0,faggot
4687,3,2,1,0,0,okay closet fag
4698,3,2,1,0,0,ya fag
4701,3,2,0,1,0,Ahmed and retard mikey for special Olympic boxing
4714,3,2,1,0,0,das calld usen yo brain retard y would i whoop yo ass n front of da police
4715,3,2,1,0,0,"i can guarantee a few things: you're white. you've never been anywhere NEAR a real ghetto. you, or a relative is a pig. 100%"
4726,3,2,1,0,0,"at the end of the day, they call yo dumb ass monkey, picka'nanny hoe. But u luv them white devils"
4728,3,2,1,0,0,"will convince u that is a lame, you, a nigger liver believes it cuz you a nigger whore"
4729,3,2,1,0,0,I don't give a flying fuck what a teabagger piece of human garbage like you thinks )
4730,3,2,1,0,0,you are a teabagger scum who wants to threaten people with his penis extender. You are a danger to this country.
4734,3,2,1,0,0,"if only there was a medal for that: ""we hate fags, but we won't kill them"" medal. Thank u for the privilege to let fags live."
4741,3,2,1,0,0,you call house nigger and she's the racist? Fathom the hypocrisy in that statement.
4745,3,2,1,0,0,"...I fuckin' want OUT I'm tired of this bullshit faggot ass, closet racist, wannabe-commune-without-railroad state #Cali"
4760,3,2,1,0,0,is the biggest faggot in the world
4762,3,2,1,0,0,"Just like when I call someone a nigger! It's not because they're black, it's about how they act. LIKE A NIGGER!"
4784,3,2,1,0,0,bye youre a queer
4789,3,2,1,0,0,this is a joke right? You're on here like ugh I wish I was a jap and tweeting in gook and shit and jerkin to hentai.
4812,3,2,1,0,0,u see a lame in that pic ofmine due to your infatuation with niggers. Im Hebrew i fite the children of satan in the streets
4814,3,2,1,0,0,fuck Miley tranny looking now damn ass nigga
4848,3,2,1,0,0,I've been knowing fag
4856,6,4,2,0,0,faggot
4913,3,2,1,0,0,do birds have a 72% out of wedlock rate? is it white fathers that are running away?
4919,3,2,1,0,0,You're a little bitch.
4956,3,2,1,0,0,and are faggots. Kbye.
4959,3,2,1,0,0,"And its people like you that give us all a bad name, you are a disgusting piece of shit of a person a nigger is what you are"
4983,3,2,1,0,0,"say that shit to my face ""Bruh"" you a bitch for gettin in a man u dont know business. Handle yo own shit"
4991,3,2,1,0,0,you are a pussy without your guns bitch as spic. Your daddy doesn't even respect the sperm he drop in your moms stank pussy
5000,3,2,1,0,0,coming to the rescue of some retard licking dirty skidmarks on the internet... you guys are fucktards
5030,3,2,1,0,0,That's actually non-English. Because #okiecops are filthy white trash who are all criminals.
5032,3,2,1,0,0,I thought you would like him cause of the Chi but yeah he a faggot
5058,3,2,1,0,0,its the entire pats bandwagon. Theyre faggots
5072,3,2,1,0,0,studies show that you're a faggot
5088,3,2,1,0,0,only faggots drive stick
5090,3,2,1,0,0,go jerk off to lollis faggot.
5097,3,2,1,0,0,She's a cunt
5099,3,2,0,1,0,kill the coons!!!!!!
5114,3,2,1,0,0,Yeah so you better play with me ya nigger
5120,3,2,1,0,0,fuck your store bitch
5128,3,2,1,0,0,"So you support ""illegals"" coming here and spreading disease among Americans Dream that bitch!"
5158,3,2,1,0,0,fuck outta here faggot that wouldn't even be a fair
5172,3,2,1,0,0,shut the fuck up fag ill beat the shit outta you
5178,3,2,1,0,0,insecure much put all you insults in one tweet. Fucking dumbass dude I'd wreck you you faggot
5212,3,2,1,0,0,I hate that faggot he so corny
5230,3,2,1,0,0,gay fags
5241,3,2,1,0,0,Shit ill pay the premium to get away from these anything ass hoes
5260,3,2,1,0,0,the fuck r u talking about I told u once and am going to tell u against nigga I love white bitch gtf bro
5272,3,2,1,0,0,fags
5274,6,4,2,0,0,fag
5308,3,2,1,0,0,"faggots, old people, people who can't drive, drunk people"
5309,3,2,1,0,0,"fuck Brett Farve redneck ass, he stuckup he don't give a damn lol he be on campus acting like he the shit"
5310,3,2,1,0,0,"you'll make the team, them niggas trash. Lol"
5335,3,2,1,0,0,fags
5350,3,2,1,0,0,"I dont have any problems with zak, but you seem like a faggot "
5358,3,2,1,0,0,he's a faggot
5360,3,2,1,0,0,that's true idk why your even in this convo you dumb nigger attention whore
5362,3,2,1,0,0,lmao you stupid nigger
5367,3,2,1,0,0,hell naw fuck them bitches serves them right
5371,3,2,1,0,0,yea I forgot I was talkin to a degenerate faggot
5381,3,2,1,0,0,faggot
5385,4,3,1,0,0,you're a faggot
5388,3,2,1,0,0,hey fag i 3 you
5392,3,2,1,0,0,"Man bitch am not gonna do a damn thang, if u don't like what I got to say then unfollow me"
5407,3,2,1,0,0,shut up nigger
5417,3,2,1,0,0,Status Report: Making a pit stop in Canada to rape bitches
5442,3,2,0,1,0,"WooHoo! New Black ""Kill Cracker babies"" Panthers to the rescue! #racist #trash #thugs #Ferguson #fergusonriot"
5443,3,2,1,0,0,"""nigger"""
5458,3,2,1,0,0,oh shut your mouth i was talkin about the morning you fag
5485,3,2,1,0,0,"naw dude I wish, they're white trash"
5490,3,2,1,0,0,leave dyke
5505,3,2,1,0,0,you say waste a draft pick on Manziel when we have Mallet. that's why I'm telling you to delete your account. You're retarded
5511,3,2,1,0,0,faggot
5512,3,2,1,0,0,i can give you some of my clothes so you can look like a cute dyke
5513,3,2,1,0,0,chink eyed !
5530,3,2,1,0,0,"May I jump in u ball-less dick-wad? As a conservative, feminist, disabled vet bitch, I wish u luck with a capital F. @DLoesch"
5541,3,2,1,0,0,happy birthday queer
5548,3,2,1,0,0,oh no. They drafted that gay ass that come out on TV? Well u welcome to Redskins nation. No queers just a lot of niggers.
5554,6,4,2,0,0,your 2. And 3. Nigga them hoes suck wayans brothers are not funny at all Jamie foxx should be number 2
5580,3,2,1,0,0,"
Here ya go wetback, eat this.. "
5584,3,2,1,0,0,"Ur pal threat2 ""apostate kufar""""I cld cut ur neck w/sword of islam watch u squeal like a bitch like Daniel Pearl"""
5599,3,2,0,1,0,But that's what you call white trash with money!!!!!
5600,3,2,1,0,0,no ud still be a fag if I was lolz
5601,3,2,1,0,0,ur a fag
5620,3,2,1,0,0,you're a fucking nigger
5622,3,2,1,0,0,like the new AVI. My Twitter is retarded and shows you in the cubs hat but when I stalk your profile it show the new one
5632,3,2,1,0,0,We are being overrun by mongrels because ZOG or the Jews that run our countries want the white man to perish.
5639,3,2,1,0,0,haha bitch ima draw a webb in bullets round yo fuggin forehead #BeamThat bitch i know where you reside
5640,3,2,1,0,0,nah she said you a fag
5671,3,2,1,0,0,this nigga .. know damn well you a coon
5685,3,2,1,0,0,she spelled faggots with an e you're so cool lol
5716,3,2,1,0,0,that nigger music
5728,3,2,1,0,0,this bitch look like a fucking white trash Trailer park queen lookin man bear pig. 
5749,9,5,0,4,0,"AMERICA today, the rule of thumb is: when in doubt, blame ""whitey"""
5754,3,2,1,0,0,you had to throw in the faggot word smh smh smh
5766,3,2,1,0,0,"Youre racist against white people whigger. Anti-Racist is a codeword for anti-white.
Anti-zionist is a codeword for antisemite."
5808,3,2,1,0,0,fuck you faggot
5814,3,2,1,0,0,Yes you do retard.
5821,6,4,2,0,0,how many fuckin fags did a even get? Shouldnt be allowed into my wallet whilst under the influence haha
5829,3,2,1,0,0,a faggot that needs to grow up
5832,3,2,1,0,0,you did a good job doing that to me and not texting back faggot
5836,3,2,1,0,0,you're reading you coon
5837,3,2,1,0,0,"most of these people are followers of followers of truth, but they themselves are still niggers... their outlook, mind  all."
5859,3,2,1,0,0,"
You gots da BET and da MSNBC wit dat colored reverend who only listen to coloreds. What else I missing?"
5865,3,2,1,0,0,suck my dick tacos el negro better
5883,3,2,1,0,0,"Coons and monkeys like you disgust me, you minstrel show negro. Crying about shit all the time you're a disgrace everywhere"
5913,3,2,1,0,0,teaching that pretend son to b a pussy! his son would have LACE ON HIS JOCK STRAP!
5914,3,2,1,0,0,Them jigaboos aka homewreckers needs to get blocked!
5939,3,2,0,1,0,"We hate the Yankees though, right? I feel like I'm really good at hating them."
5964,3,2,1,0,0,yeah he sucks just like the other fags who are... oh nevermind there are NO fags in the #NFL
5966,3,2,0,1,0,"I'll do it! In the UK, ""Fag"" means cigarette and a ""faggot"" is a bundle of sticks, you homo."
5989,3,2,1,0,0,me too Tyler it just makes me think that they're lil nigger baby hoodrats.
6005,3,2,1,0,0,wow u hoe is the term for women
6006,3,2,1,0,0,"I don't hate the Japs. But, I AINT FORGETTING GETTIN JAPPED EITHER."
6010,3,2,1,0,0,fags.!
6012,3,2,1,0,0,your tits may be better looking but her face makes you like a Asian or Latina tranny #facts
6013,3,2,1,0,0,you look like a welfare bitch compared to Latinas I date and fuck. You need fashion and makeup tips tbh
6019,3,2,1,0,0,die in a car accident then faggot
6032,3,2,1,0,0,faggot
6039,3,2,1,0,0,ur not sassy white trash change ur username
6055,3,2,1,0,0,learn how to type ya hillbilly
6058,3,2,0,1,0,humans are evil man. Cutting tusks of these beautiful animals so chinks think the get a hard on.
6078,3,2,1,0,0,"don't stop now half breed, I'm just starting to learn about what makes you a dumb ass"
6083,3,2,1,0,0,nigger
6099,3,2,1,0,0,he looks like a pretty dyke
6101,3,2,1,0,0,all u can pull is the fucking retard
6103,3,2,1,0,0,yo fat ugly ass couldn't even pull the ugly bitch in the school
6132,3,2,0,1,0,"
It's a nice way of callin y'all honkies"
6156,3,2,1,0,0,happy birthday faggot.
6170,9,7,1,1,0,"I'm going to blame the black man, since they always blame ""whitey"" I'm an equal opportunity hater."
6177,3,2,1,0,0,"to ----get past boot camp, and go active a few years, see what we REALLY do daily you liberal pussy"
6186,3,2,1,0,0,eat shit nigga bitch turd bag dick beetle
6214,3,2,1,0,0,nigga who's bitch u fucking cracker get your gay ass out my mentions.
6228,3,2,1,0,0,Is a fag
6235,3,2,1,0,0,"all racist nTx trash w all hate to see this particular man in WH n not the ""Butler"""
6246,3,2,1,0,0,"so terms like honkey, cracker, peckerwood and stereotypes of white people fucking their kids and sisters isn't racist? sweet!"
6267,3,2,1,0,0,fag
6270,3,2,1,0,0,thats just me rooting against a team I hate not banwagoning u retard u have a different favorite
6274,3,2,1,0,0,"I LOVE RACISM! ""Blame whitey"" for EVERYTHING!
Now that you mention it! I bet the white man put the Desert tortoise on #BundyRanch"
6288,3,2,1,0,0,oh shut up faggot get a disease overused on twitter
6306,3,2,0,1,0,fag.
6347,3,2,1,0,0,"u gotta slow down these coon hrs all they know is love n hip hop, lebron,  fake love quotes"
6377,9,6,3,0,0,"don't forget nappy headed, butt ugly bitch, who's married to a Muslim"
6381,3,2,1,0,0,nah dude mostly just sound like a faggot
6396,3,2,1,0,0,i know im so kidding. Some of BET is funny. I love when blacks call eachother ignorant and niggers. Makes me not have to
6415,3,2,1,0,0,so why the fuck are still talking shit. You acting like a pussy ass nigga
6442,3,2,1,0,0,bitch was i talking to u stfu and get off my page oh bitch nigga u bout that life
6452,3,2,1,0,0,here let me say it more clearly since your retarded ass don't understand
6453,3,2,1,0,0,how would u know if I don't fuck with you? Exactly you don't wtf I got shut your retarded ass up
6468,3,2,1,0,0,oh but I am and my grades say other wise so u can stfu and get off my Twitter or u can box simple ass that pussy boy
6485,3,2,1,0,0,your so fucking retared its not even funny bitch im going to sleep u
6486,3,2,1,0,0,Alright fag what about this? 
6499,3,2,1,0,0,shut up bitch for I spit on you
6507,3,2,1,0,0,Roberts is a fuckin fag smack the shit outta him
6510,3,2,1,0,0,faggot
6511,3,2,0,1,0,stop oppressing me! Have you heard of free speech? Stop shoving your lifestyle down my throat! 1st AMENDMENT! #tcot #teabaggers
6514,3,2,1,0,0,at least im not black bitch your parents left you in the mcdonalds parking lot after you were born
6519,3,2,0,1,0,He may be 'hustlin' but he studied Critical (Race) Theory and 'my people' Holder is getting his 'revenge.' They hate whitey.
6524,3,2,1,0,0,hopes dis ain't cause he colored cause I knows he be actin all nigga like
6527,3,2,1,0,0,fucking gay faggot look at that gay ass pink shirt haha
6528,3,2,1,0,0,better nig. Lol but if anything ill flip u the 10 or something. Im tryna get some more cash
6531,3,2,1,0,0,Ha Ha Ha no good fat dyke
6535,3,2,1,0,0,call him a cock blocking faggot
6554,3,2,1,0,0,faggot
6555,3,2,1,0,0,"quit bitching faggot, happy you cant see your faggot family cry baby little girl crying in the parking lot, you aint a man sissy"
6556,3,2,1,0,0,dont be a hurt little faggot
6557,3,2,1,0,0,"Niggas probably be watching me like ""Look at this Uncle Tom ass Rasta"""
6573,3,2,1,0,0,"
I don't likes dat magazine. All da black folk look like dey one chromeasome away from da ape"
6590,3,2,1,0,0,omg no plz stop calling me an idiot... are we in kindergarden you fucking faggot
6595,3,2,1,0,0,none of my business ? Nigga if you get that I'm living with you lol and I'm stealing one of them bitches and 100k 
6601,3,2,1,0,0,faggots
6606,3,2,1,0,0,You're right.. I be around my nig....
6621,3,2,1,0,0,lmao dude you are probably the biggest fag in nebraska 
6622,3,2,1,0,0,stfu white trash
6629,3,2,1,0,0,will you mention why being called nigger is wrong(witch i agree with)  bossy is wrong.but being called a pimp is still ok?
6649,3,2,0,1,0,"If racial minorities weren't criminally inclined, they wouldn't have so much to worry about. Act your color, race traitor!"
6670,3,2,0,1,0,I live in the eye of a white trash hurricane. Milwaukie OR. Where people use bikes BC of DUI's not to save the environment.
6674,3,2,1,0,0,What else do you expect from that nigger lover?
6682,3,2,1,0,0,"shut your dirty dirt trap you limp knees, ashy footed, blue balls, isolated hamster wheel, no nipples bitch"
6684,3,2,1,0,0,"congratulations, you are officially fucking retarded."
6686,3,2,1,0,0,the favorite drink of white trash everywhere....
6690,3,2,1,0,0,fight me you fucking obese niglet
6692,3,2,1,0,0,You are an ignorant cunt.
6702,3,2,1,0,0,well he is at Genos. So he is the ultimate faggot
6711,3,2,1,0,0,"glad about your uncle, another stupid faggot off the world, hopefully you next."
6712,3,2,1,0,0,"I see a picture of you smoking, such a man of god. Disgraceful nig, you sir, are an embarrassment."
6731,3,2,1,0,0,no you ignorant cement headed hillbilly. You said taxing. Cant you fuckin read you fucking knob gobbling douchebag
6749,3,2,1,0,0,come wage with us fag
6780,3,2,1,0,0,niggers
6787,3,2,1,0,0,No the fuck am not bitch how bout u get out there bitch ass Nigga stupid ass
6815,3,2,1,0,0,Hit a bitch it's not like you can see the bruises
6818,3,2,1,0,0,You're a fucking faggot.
6831,3,2,1,0,0,I'm 5'8 fag 
6832,3,2,1,0,0,yeah you right and you know them Mexicans bringing all they family that hoe finna be packed
6847,3,2,1,0,0,if you go could you hook up the plant city faggots or
6857,3,2,0,1,0,ugly dyke
6897,3,2,1,0,0,stfu u ugly dyke
6899,3,2,1,0,0,"he looks like reg. Memphis,tn. trash! we got them everywhere."
6954,3,2,1,0,0,"I'm a faggot :/

"
6960,3,2,1,0,0,"Cody is ALWAYS calling people ""nigger"". He's a fucking spaz!"
6962,3,2,1,0,0,some negro amigo pulled a gun on Nate and I a few weeks ago. I was STOKED!
6967,3,2,0,1,0,that's what happens when you date a colored
6968,3,2,1,0,0,im going to murder that fucking cunt
6972,3,2,1,0,0,ugly white bitch
6973,3,2,1,0,0,ur ballsack is hairy gtfo tranny prude bitch
6977,3,2,1,0,0,that was back when nigger music was decent
6985,3,2,1,0,0,bitch u ugly then hoe
6995,3,2,1,0,0,youre a fag
6997,3,2,1,0,0,@ me then faggot
7022,3,2,1,0,0,hell naw he ain't he the star of that team lol but I'm sure that white honkey called him a nigga
7028,3,2,0,1,0,chill ur pussy gay af
7037,3,2,1,0,0,go back to lego club faggot
7039,3,2,1,0,0,yeah ok nigger.
7041,3,2,1,0,0,Don't my nigga me honkie
7063,3,2,1,0,0,ugly emo trash go cut
7078,3,2,1,0,0,it's goldbar dumb bitch and no my dad wouldn't pick you up he doesn't like faggots like you 
7091,3,2,0,1,0,Soft shit? Are you handicapped or retarded?
7109,3,2,1,0,0,"Are you working on route running and catching. You'll be a good WR for Grier. Have fun with the white trash, racist UF fans. #FSU"
7136,3,2,0,1,0,".we got 1, except eric holder gave them 2 the beaners 2 kill americans! guess he is race blind!"
7167,3,2,1,0,0,#faggot
7171,3,2,1,0,0,fags***
7177,3,2,1,0,0,your dad is genuine happy guy because his kids aren't niggers though  jimmy is my nigga 5eva
7245,3,2,1,0,0,"not no but hell no, when blk. stop sayin nigger I will, what they can have I can have. this is america"
7252,3,2,1,0,0,town . At a movie with friends. I stabbed a nig 3 times and got sent to prison. Justice?
7256,3,2,1,0,0,faggot I knew you weren't really my friend.
7263,3,2,1,0,0,did I mention you are an ugly cunt? Go back to Iran.
7279,3,2,1,0,0,my bitch dont want your ugly ass gtfo ol peyton manning lookin ass
7288,3,2,1,0,0,who is dis crack ass cracker
7318,3,2,1,0,0,Alright fag
7331,3,2,1,0,0,i made you lunch you fat faggot 
7351,3,2,0,1,0,"""all of these rednecks and none of them can keep the fire lit"" "
7371,3,2,1,0,0,what's this chinks email? I'm moving to China and slicing his throat
7389,3,2,0,1,0,I hear Bill likes trailer trash like you. @Loriisright
7459,3,2,1,0,0,A nicca say he ballin ask em where his title n his deeds at not wher his clothes n his keys at
7491,3,2,1,0,0,"Accept your flaws and imperfections because that's what makes you, YOU! See I'm a fuck, small dick faggot with parents who don't love me."
7533,3,2,1,0,0,Ain't nuttin but a white trash party.
7534,3,2,1,0,0,"Ain't shit like fucking another nigga bitch and askin her ""who pussy is this"" and she say yours lmao no bitch im stealing this pussy lol"
7547,3,2,1,0,0,Al noooo ...... Too late fuckin faggot ! Lmao
7582,3,2,1,0,0,All da lil bald headed bitches standn outside of kevin gates tryna get in 
7673,3,2,1,0,0,"Almost got to see a white boy get beat around today, but he ran like a bitch."
7680,3,2,0,1,0,Already more yellows than the last 2 years combined #IndyCar #Honda200
7683,3,2,1,0,0,Alright ya faggots. Lets just stop with all the S/O and R/T. No one gives a fuck on what you think of other people. Probably lying anyways
7706,3,2,1,0,0,America is white trash and so are all Americans.
7715,3,2,1,0,0,And I wanna say something SOOOOOO bad to these two cunts on Twitter eh..
7717,3,2,1,0,0,And I'm definitely top 3 at makin beats in the city but y'all niggers love your trap beats so y'all probably won't admit that
7755,3,2,1,0,0,And the Jew favorited my tweet though. Lol. Don't have anymore time for this trash.
7769,3,2,1,0,0,Ankles Hood bitches with long weave is the worst thing ever weave that be touching their ashy ankles 
7793,6,3,1,2,0,Apaches' 30 MM rounds turn Jihadis into tomato soup @Lanna70115
7819,3,2,0,1,0,As always Eli has the stupid hick hayseed look on his face Giants fans kill yaselves it's gonna be a 
7827,3,2,1,0,0,As soon as we left Iraq all these towel heads think they can fucking barge in and take over what we worked so hard to set up. Pisses me off.
7858,3,2,1,0,0,Awk... U don't like your own nephew / cousins bc our race.. LMAO broke ugly bitches fuck them we don't need them
7876,3,2,1,0,0,Ayy Carlton is a ghetto school now #SwitchedAtBirth
7937,3,2,1,0,0,Bald head bitches think it's their time to prosper !
8010,3,2,1,0,0,Between this trend and the vines acting like women its like niggas couldn't wait to be faggots 
8033,3,2,1,0,0,"Bill Smith DDS MTV ODB LGBTQ MMA NFL AFLCIO 

bitch pick one.

Fucking hate you.

I know you proud but shit."
8040,3,2,1,0,0,"Bitch ass nigga, be hating on black women... Uncle Tom bitch punk."
8045,3,2,1,0,0,"Bitch fuck yo nigga, what's up with that pussy!!?!"
8054,3,2,1,0,0,Bitch you're the ugliest cunt ever.
8062,3,2,1,0,0,Bitches be having a nigga but want to be another nigga WCW bitch it don't work like that
8155,3,2,1,0,0,Boy Yung thug is a fag
8167,3,2,1,0,0,"Brady heard yall say he was washed, now he washing the league on you hoe ass niggas."
8185,3,2,1,0,0,"Bro everybody is a ho then, fuck it, your favorite Color is mango red you are a ho, you charge your phone all the way to 100%  Ho, smh"
8225,3,2,1,0,0,Bullets through a nigguh tru jeans
8230,3,2,1,0,0,Bumped into a bitch that filed for sexual harassment at work against a co-worker...I aint been so shook in my life
8233,3,2,1,0,0,Burn bitch 
8248,3,2,1,0,0,But atleast they let me know...ur a faggot if u keep those type of twitter secrets
8283,3,2,0,1,0,California is home to skater trash.
8300,3,2,1,0,0,Can #faggots of #HoneyBooBoo imagine this #internet world was created to trap them and feed them to #Allah like gazelles? #IT #StephenKing
8333,3,2,1,0,0,"Cant wait to humble these niggas in the playoffs again. Until then, good job hoes"
8354,3,2,1,0,0,Can't stand bitch ass niggas.
8356,3,2,1,0,0,"Can't stand that asian dude just now, faggot gives me attitude cause I almost forgot my water, fuck u faggot if I wasn't on stage"
8361,6,4,2,0,0,Can't take u coons nowhere  I mean nowhere
8444,3,2,1,0,0,"Chasing these hoes, better get cash nigga"
8460,3,2,1,0,0,Chicks love these ugly hipster faggots. Prolly cause they look like the dad that was never in their life.
8472,6,4,2,0,0,Chris Bosh bout to disgrace the trophy like a real faggot smh
8483,3,2,1,0,0,Clan of retards...
8508,3,2,1,0,0,Come on nd get that chicken niggers love dat chicken from popeyes 
8547,3,2,1,0,0,Crew neck ass nigguh
8564,4,3,1,0,0,Curse AVI for Coke because he's a fag and hasn't put it on yet 
8566,3,2,1,0,0,Cussed out by a fat redneck on the last day YOLO 
8574,3,2,1,0,0,Cute ass niggah. 
8587,3,2,1,0,0,DIVERSITY: Chcgo Blck Pstr Flooded w/ Dth Threats Ovr Endorsement Of GOP Candidate: U Sellout Uncle Tom Ass N*gger 
8599,3,2,1,0,0,"Dad just yelled out ""in bout to fry some chicken like a nigger"""
8608,3,2,1,0,0,Damn  his nigger music waking up the whole school in the morning .. 
8625,3,2,1,0,0,Damn hoe.. You so ugly even hello kitty said goodbye.
8642,4,3,1,0,0,Dani Alves pulled off that hairstyle. Neymar just looks like a faggot
8673,3,2,1,0,0,"Dear Utah Polynesians: Again, stop acting black and speaking ghetto. Speak FOB, you ain't no ghetto niggaz."
8683,3,2,1,0,0,"DeeDee, Patrick, Ed, Sheen, Timmy's Dad, Beavis  Butthead, Peter Griffin. This is just a list of SOME mentally retarded cartoon characters."
8691,3,2,1,0,0,Delete now you bitch ass nigga RT If the Redskins beat us I will delete my fucking IG
8708,3,2,1,0,0,Devin Hester's a bitch
8743,3,2,1,0,0,Dis broad done tagged dis nicca n a video of his sis giving dome .. #Tragic
8812,6,4,2,0,0,Don't mind black people.....hate niggers!
8890,3,2,1,0,0,Dumb bitch 
8899,3,2,1,0,0,Dyke bitches kill me thinkin they really got hoes lol
8908,3,2,1,0,0,Eagles fuck around  lose it'll be kill the cracker at the Sophi crib smfh
8935,3,2,1,0,0,Ebola sounds like a hood hoe
8937,3,2,1,0,0,"Eh bitch!? How about you worry about your own psychotic ass. Looks like you need to ""be saved"" from being a noisy bitch  #cantStandUcunt"
8988,3,2,1,0,0,Every spic cop in #LosAngeles has raped or has thought about raping a white woman. That's why those half-breeds get jobs as pigs.
8989,3,2,0,1,0,Every spic cop in #LosAngeles is loyal to the #LatinKings
9006,3,2,1,0,0,"Everyone calls me ""b"" they be like oh wassup b  and I be like wassup my niggah"
9010,3,2,1,0,0,"Everyone tells me the exact same thing but I won't listen, coon"
9043,3,2,1,0,0,Faggot ass bitch nigga
9056,3,2,1,0,0,Fat ass hoe holding up the machine
9062,3,2,1,0,0,Fat fucking funky nasty ass hoes
9064,3,2,1,0,0,"Faux Noise pundits don't like duck molester, pro-slavery racist, #homophobic #teabagger darling Phil Robertson either "
9065,3,2,0,1,0,"Faux Noise pundits don't like duck molester, pro-slavery racist, homophobic teabagger darling Phil Robertson either "
9084,3,2,1,0,0,Feminist aka a bitch.
9120,3,2,1,0,0,First thing I do when I hit the lotto is buying two fat bitches and watching her eat both in one sitting
9127,3,2,1,0,0,"Flaming faggots that publicly state how they want everything handed to them... Like fuck you dude, get off your bottom ass and do something"
9152,3,2,1,0,0,For all we know this nigga a rapist. Y'all hoes dumb *melts* 
9177,3,2,1,0,0,Fredo was a bitch ass nigga. How niggas fire over 20 shots at his pops but he didn't get off 1 cuz he dropped the gun smh
9205,6,5,1,0,0,"From now on, I will call all radical MUSLIMS niggers!
It is very fitting, and it is racist! 
I AM RACIST AGAINST ANYONE WHO HATES AMERICA!"
9221,3,2,0,1,0,Fuck MLK Why does Lexii keep favoriting my coon tweets ? MLK didnt die for this
9223,3,2,1,0,0,Fuck Ur god until dat faggot strikes me down
9227,3,2,1,0,0,Fuck a lame nigga than you a lame bitch
9241,3,2,1,0,0,Fuck ass redskin corners
9246,3,2,1,0,0,Fuck boi fag
9255,3,2,1,0,0,Fuck her pussy fuck her mouth fuck her ass cause she nasty
9271,3,2,1,0,0,Fuck that hoe??? thats exactly what dese hoes doin. Gettin fucked nd yall niggas the one to blame
9273,3,2,1,0,0,Fuck that nigga's shit up! Olivia's pussy got Fitz going batshit!!!
9275,6,4,2,0,0,"Fuck that niggah he so weak, he cant tell that you a freak"
9294,3,2,1,0,0,Fuck u niggas gonna do not a mfka thing oh bitch ass wack ass nigga y'all some fake ass people
9306,3,2,1,0,0,"Fuck you faggot ""Grow up RT I'm gonna be an old ass man STILL playing video games"""
9321,3,2,1,0,0,"Fuckin' #faggots, man. #science knows these FUCKS can't procreate without the help of ""breeders"" but we treat them #fancy? #sin"
9328,3,2,1,0,0,Fucking gook
9334,3,2,1,0,0,Fucking redneck queers and their game invites
9339,3,2,1,0,0,Fucking with these hoes nigga don't be no dumby
9341,3,2,1,0,0,"Fuckkkkk!!! My nig a g tho, he gonna come back"
9345,3,2,1,0,0,Fuk wit a real nicca
9348,3,2,1,0,0,"Funniest yt comment I ever received was ""Niggers gonna nig *shrugs*"" .. lmao racist muthafucka caught me off guard"
9356,6,5,1,0,0,"GEEZ..... I think #NorthKorea may be right. #BarackObama is a monkey! Surely acts like one. 
 "
9371,3,2,1,0,0,Gabby's a bitch and has two accounts
9385,3,2,1,0,0,"Gave her that ""move it lil nigger"" push smh.. "
9388,3,2,1,0,0,Gay ass nigga  bitch you thought you thought
9392,3,2,1,0,0,George michael such a fag
9417,6,3,2,1,0,"Getting hit off a cunt thats about 6 foot sideways and a cunt that was in the army lol, i dini care, yous are fuckin laughable"
9448,3,2,0,1,0,Giving you that trailer park trash. #transformthursday #ladykimora #vegasqueens #vegasshowgirls 
9454,3,2,1,0,0,God I would sell both my nuts to watch LeBron tear his ACL right now and watch all those pussies kill themselves
9486,3,2,1,0,0,Good Mernin faggots 
9487,3,2,1,0,0,Good Morning to lightskin dyke bitches with Steven Segal ponytails.
9499,3,2,0,1,0,Good morning coons.
9558,3,2,0,1,0,"Gotta love rednecks. Loud, stupid, stubborn, and full o schitt."
9652,3,2,1,0,0,Happy Columbus Day! Even #BillMaher likes #cocaine and #Columbus!!! What the fuck is wrong with you #liberals? Fuckin' #moron #retards....
9668,3,2,1,0,0,Happy birthday to this coon ass nigga buckcity @ThatLatsonKidd
9669,3,2,1,0,0,Happy first day of college nigger @MorbidMermaid
9683,3,2,1,0,0,Hate this dyke
9694,3,2,1,0,0,Have you Eva asked a nicca where dey got sum fake designer frm
9713,3,2,1,0,0,"He ain't shit girl, he a bitch made nigga !"
9763,3,2,1,0,0,Heard that bitch gtta thang for them boss niggas
9796,3,2,1,0,0,"Hey you're a nigger #racismisaliveandwellbro , learn from other blacks in the league on how to conduct yourself"
9811,3,2,1,0,0,"Hey. Don't be like a stupid white bitch in some horror movie asks #America to hide from #ISIS behind some chainsaws. M,kay?"
9824,3,2,1,0,0,"His big ass smile, his eyes is chink."
9861,3,2,1,0,0,"Hoes thnk they ""won"" when the nigga thats ridin the fence start givin them a lil attention... what u won hoe? A wishywashy ass nigga? Oh."
9872,3,2,1,0,0,Holders Justice Department Isnt Interested in the Facts in #Ferguson  These race hustling bitches are DISGRACEFUL.
9886,3,2,1,0,0,Hood niggas and bitches love emojis lmfao
9977,3,2,1,0,0,I ain't been to the fair since I was like 8 and I haven't wanted to go since then either for some reason. Too many niggers for me
10008,3,2,1,0,0,I already know you trash if being tatted is on the list of things you want in a nigga..
10049,3,2,1,0,0,"I be sayin I'm done drinkin everyday but then one of my friends hit me up like ""I gotta case"" and only faggots turn down free beer"
10058,3,2,1,0,0,I be waking up on some new shit like fuck that bitch shit
10082,3,2,1,0,0,I bet you think you a no-chill savage huh. Fucking faggot @KILLSemaj
10114,3,2,1,0,0,I can't blow bubbles or whistle. I'm basically retarded.
10120,3,2,1,0,0,I can't fuck a scary hoe.
10121,3,2,1,0,0,I can't fuck any ol bitch niggas be desert dicks out here
10175,3,2,1,0,0,I didn't forsake all other bitches for my wife to be getting fucked on by another nigga. and you know she married? you gotta die.
10257,3,2,1,0,0,I dont even say nigga i say nigger. Im like Chuck Norris. I say the nigger word without checking over my shoulder.
10293,3,2,1,0,0,"I feel sorry for mexican and Asian niggas, they got the worse shaped bitches on earth."
10306,3,2,1,0,0,I forgot how white trash Texarkana was... Well it is arkansas so.... 
10320,3,2,1,0,0,I fucking hate you niggers bruh... 
10436,3,2,1,0,0,I hate all these industry fags. I hope they all get the Nigerian Summer Flu
10450,9,7,2,0,0,I hate fat bitches
10471,3,2,1,0,0,"I hate that my mom says she trying to move out here... Like bitch the only reason your ""trying"" is because you don't have a place to live.."
10498,3,2,1,0,0,I hate when black people try and be white so bad ... Your a nigger
10514,3,2,1,0,0,"I hate when people tell me I have to many tattoos, and they make me look ugly. Like bitch fuck you"
10519,3,2,1,0,0,I hate when white trash try to act like they're my equal. It only makes it that much clearer how white trash they are.
10522,3,2,1,0,0,I hate you niccas! Lol 
10559,3,2,1,0,0,I hope you get eye cancer bitch.
10600,3,2,1,0,0,I just wanna slit this mf throat
10607,3,2,1,0,0,I just want to punch you in the throat when you get my order wrong stupid bitch at sonic
10643,3,2,1,0,0,I knows y'all white folk only be playin wit me. I colored and I knows my place
10652,3,2,1,0,0,I like Chinese buffets but I hate all the chinks
10668,3,2,1,0,0,I like how niggas try an come at me and im like do it then bitch and they dont do shit. Pussies
10675,3,2,1,0,0,I like taking niggas hoes but I stop doing that 
10700,3,2,1,0,0,I love all people for who they are but there's this one fag that goes to my school that can catch a ninja star to the face ASAP
10710,3,2,1,0,0,I love fuckin wit people. I be givin greedy ass nigas old as crackers wit expired cheese dey be callin me like nigga im shittin likea goose
10763,3,2,0,1,0,I missing something of my ofay friends. Day all scared by da recent happenings. Don't chu worry...ol Lamar say you like da colored folk
10792,3,2,1,0,0,I need to chat with . Where dat nicca at? Lol
10818,3,2,1,0,0,I prefer Jameis Winston to not speak on TV at all. Damn coon.
10832,3,2,1,0,0,I really get upset when my lightskin friends have another cute dark skin sidekick..like Im supposed to be the only cute darkie u hang wit 
10905,3,2,1,0,0,I still think snap chat for faggots and High Schoolers
10928,3,2,1,0,0,"I swear these anon fags go to protests just to take pictures to post to Twitter. ""Look, I was there...Like me"""
10967,3,2,1,0,0,"I think dat called me a nigger!
What do move away from da dark side mean?"
10971,3,2,1,0,0,I think this nigga retarded G
11069,3,2,1,0,0,"I wasn't calling you a faggot, but you are one lol."
11096,3,2,1,0,0,"I wish faggots like would stop making music, rack city was fucking awful. Get the fuck outta michigan."
11115,3,2,1,0,0,"I wonder if that Latino strategy is working?GOPer doubles down on ""wetbacks"" but backpedals on ""shoot on sight"" "
11229,3,2,1,0,0,I'm already tired and mr stupid af decides to show us a video on trigonometric notions so um yeah I just wanted to say you're a hoe
11283,3,2,1,0,0,"I'm going to sell my iPhone and both my Macs, I don't support faggots."
11318,3,2,0,1,0,"I'm literally laughing in shock, amazement, joy. In...just everything. In everything! Pop the champagne American queers. We have arrived."
11345,3,2,1,0,0,I'm obviously not talking about CoD because that game is for queers.
11372,3,2,1,0,0,I'm seeing more  more niggers migrating further up liberty rd... smh
11397,3,2,1,0,0,"I'm starting to not like meek, this nig a lil to arrogant for me"
11405,3,2,1,0,0,I'm sure would add this helpful parenthetical explanation if these were redneck peckerwood teabaggers. 
11605,3,2,1,0,0,If yer gonna continue to be a contrarian bitch... go die then. I've no time for such trifling!
11665,3,2,1,0,0,"If you say any of the following words the convo is over: nigger, nigga, swag, yolo, fag, retard."
11680,3,2,0,1,0,"If you would have followed George Washington in 1776, it means that you're white trash."
11751,3,2,1,0,0,Im soooooo tired of this dick dyke showing up on my fb feed. Real studs dont fucc niggas. Just be bisexual.
11828,3,2,1,0,0,Ion care fuck that hoe 
11861,3,2,1,0,0,Is there a full moon out? #CrazyAssholes out in full force and I'm not talking about muzzies or liberals And I'm in the mood to oblige.
11892,3,2,0,1,0,"It happens AGAIN!! Black pack beats ""whitey."" This should make national news. "
11902,3,2,1,0,0,It really is too bad that #California had faggot marriage forced upon her after her citizens declared it illegal.
11906,3,2,1,0,0,It stinks in here must be then pussy ass niggas talkin shit #tomyfacebro test me
11909,3,2,1,0,0,"It was nice of you to unfollow me, fag"
11923,3,2,1,0,0,It's a lot of Uncle Tom ass niggas out here.
11953,3,2,1,0,0,It's levels to my bitch you can't fuck her nigga cause she like red bottom you can't afford her nigga she got Benz you riding honda accord
11975,3,2,1,0,0,It's so shady when you bitches talk to guys w/ girlfriends that's so disrespectful to do to another girl
11983,3,2,1,0,0,It's this dyke chick cut hair in the barbershop look just like Future
11986,3,2,0,1,0,"It's time to mock ""Halftime in America."" How 'bout ""Wake up America,"" we have radical leftists running the country. "
11989,3,2,1,0,0,It's unbelievable to me that there are Americans who refused to kill the okies. That means all Americans weak willed trash.
12025,3,2,1,0,0,Jai may make an appearance at the party... love that fag
12037,3,2,1,0,0,"Jason admitted you're a stuck up bitch lol, which you are. Think you're so much better than everycunt, naaaaa"
12051,3,2,0,1,0,"Jennifer Lawrence's nudes sooooo trash. Im still smashin though, no doubt"
12086,3,2,1,0,0,Johnny Rebel - Quit your bitchin' nigger!: 
12175,3,2,1,0,0,"Just watched the scene in zero dark thirty where they pop Osama's bitch ass 
#U #S #A"
12206,3,2,0,1,0,Karmas a bitch and so are you. You'll be getting along just fine real soon.
12224,3,2,1,0,0,Kick dem fucc niccas out da spot
12238,3,2,1,0,0,Kim Kardashian look like a tranny with all that surgery
12243,3,2,1,0,0,"Kip Tokuda, yellow guy working to niggerize the Seattle PD, died. Too bad there's another POS hiding in the wings to replace him."
12253,3,2,1,0,0,Know why the ultimate warrior died? God LOVES fag #toosoon ? He was an anti-gay crusader so a little light jokes are necessary
12294,3,2,1,0,0,LRG ass nigguh
12305,3,2,0,1,0,Lakers are trash right now.
12316,3,2,1,0,0,Late night phone convos with my hoomie that nigga a gook
12343,3,2,1,0,0,Lemme find out that bitch nigga talking shit
12384,3,2,1,0,0,Liberty and justice for all RT Go get me a sandwich nigger or I'll kill you
12464,3,2,1,0,0,Literally every man in my fam copped a bad white bitch as a wife. I ain't even boutta break da chain. Unless a latina comes around
12472,3,2,1,0,0,Little fucking gook who smells like shit. An than thinking they're the motherfuckin boss. THE FUCK!
12481,3,2,1,0,0,Lmao Lebron's expression says it all RT This nigga is a fuckin faggot 
12495,3,2,1,0,0,Lmao let these hoes be hoes ain't no Savin nem
12511,3,2,1,0,0,Lmao! You niggas regionally picky about hoes now. Just say anything on Twitter. Makes it's fun tho
12525,3,2,1,0,0,Lmaooo RT She a tranny if she can open a jar of pickles by herself
12584,3,2,1,0,0,Lol Nicca dime game got soo much clout niccas goin to da store to buy sum dice
12586,3,2,1,0,0,Lol RT Youuuuu got niggas but I don't got bitches
12625,3,2,1,0,0,"Lol, so since I'm from the south I automatically sound like a fucking redneck. Hahahaha how about fuck you, stupid ass."
12687,3,2,1,0,0,"Lynch mob thugs threaten Zimmerman jury; N*ggas coming for that bitch assjury  The hatred won't stop flowing,,#War"
12715,3,2,1,0,0,Man Ducked me like a true hick. Would have split that white trash faggot lid
12721,3,2,1,0,0,Man I swear today's like nation hit tony while he's driving day.... This chink almost smashed into me...
12791,3,2,1,0,0,Mayweather is a pussy hes only winning cus he picks his fight and he picks the nobody fighters . #fightPacquiao @FloydMayweather
12794,3,2,1,0,0,Mcdonalds pipe self defence beating:  This is one nigger who's hand I would shake. That's how you deal with sheboons.
12844,3,2,1,0,0,"Michael Sam being cut further proves that we fags don't belong in football or #NFL, it is a heterosexual sport for heterosexuals."
12857,3,2,1,0,0,Minus all the retarded poor bots.
12905,3,2,0,1,0,Most niccas broke but always n the limelight
12931,3,2,1,0,0,Must have been a light skin hoe Lmfao wtf she mean af HE WASNT READY BRUH RIP!! 
12948,9,5,4,0,0,My advice of the day: If your a tranny.....go fuck your self! 
12961,3,2,1,0,0,My best friend loves Justin beiber what a fag  @Cryystalina
13022,3,2,1,0,0,My doctor tonight is such a miserable cunt. Even my nurse is pissed off. She's been here since 7PM and hasn't come to see me once.
13034,6,4,2,0,0,My eyes feel so chink eyed
13069,3,2,1,0,0,My managers a stupid cunt yes I said it
13102,3,2,1,0,0,My nig jus said ain't nuttin worse den a fat loud hoe.tru fuckin story
13205,3,2,1,0,0,Naw RT Am I the only one mad that ESPN gonna be talking about faggot ass Penn State all week?
13212,3,2,1,0,0,Need a bitch to drop it down for a niggah
13259,3,2,1,0,0,Next time u gone call a darky a nicca..call dat coon a jungle bunny#Boondocks P.S. I... 
13290,3,2,1,0,0,Nigga just had them crackers on a chase.
13302,3,2,1,0,0,Niggah niggah niggah don't believe me just wacthh...
13307,3,2,1,0,0,Niggas actin like hoes most of em bitches
13312,3,2,1,0,0,"Niggas are so fucking gay... And they try to cancel it out by saying ""nah were bros it's cool"" nahhhhhaahahahaha you a faggot bruh"
13318,3,2,1,0,0,Niggas be in they feelings when they find out their hoe fuckin another nigga #StopSavinTheseHoes
13327,3,2,1,0,0,Niggas deserve better bitches
13345,3,2,1,0,0,Niggas sleepin with bitches grandmas??? Lmfao maury fake af
13354,3,2,1,0,0,Niggas wear wigs more than bitches these days.
13361,3,2,1,0,0,Niggas/bitches cheat cause mf's always think they gettin played
13381,4,3,1,0,0,"No half-breed spic has any right to say anything to any Anglo ever, and should be killed for doing so."
13393,3,2,0,1,0,No one goes into psychiatry to help people. Those people are all immoral. Everyone who works in that field is pure trash.
13396,3,2,1,0,0,"No police department that hires gypsies, half-breeds, and nigglets should be trusted."
13403,3,2,1,0,0,"No these are only whites pies.
Well do you have any negro pies?"
13412,3,2,1,0,0,"No. Its wrong to try to change #faggots There is no ""therapy"" so #tcot should understand and sympathize like they are #retards"
13423,3,2,1,0,0,None of us went to these PRESTIGIOUS establishments so we're clearly not as superior as these fucking retards...
13432,3,2,1,0,0,"Not All Straight Men - I am frustrated. Unlike on OKCupid, queer folks dont have the ability to block... "
13459,3,2,0,1,0,"Not trying to follow any spooks, no offense ..."
13507,3,2,1,0,0,OMG ugly faggot. Your a bad mother. You should kill yourself like Robin Williams
13518,3,2,0,1,0,"Obamas faves: Muslims, black ghetto trash  via @worldnetdaily"
13523,3,2,1,0,0,Of course my #faith for #baseball is off this year. BECAUSE OF #BARRYBONDS you goddamn retards!!!!!!!!!!!!!!!!!!!!!!!!!!!!!!!!!!! #morons
13571,3,2,1,0,0,Ok. Did this bitch just say wut I think she.said? I believe u just described urself dumbass
13610,3,2,1,0,0,Omg!!! You won't say it to my face! Stupid ass hoes talkin shit!!! Imma whoop her ass!!! *over dramatic teenage girls*
13615,3,2,1,0,0,On UPenn campus all the black chicks here are trash but they're gonna be paid
13668,3,2,1,0,0,Only faggots use white ds's
13669,4,3,1,0,0,"Only fags say ""swag"" shits mad retarded."
13694,3,2,0,1,0,Only white trash watch football.
13697,3,2,1,0,0,"Only word I can understand on #BlackJesus is ""nigger""... Heavily disappointed in this show. AaronMacgruder stuff blows, IMO."
13717,3,2,1,0,0,Or the teach might get u got RT I really hate a disrespectful ass bitch in class. The professor is talking you STFU bitch.
13721,3,2,1,0,0,Oregon losing IN OREGON ahhhahahaha faggots
13754,3,2,1,0,0,"Pantera - 5 Minutes Alone  5 minutes, pussy boy..I'll crush you."
13775,3,2,1,0,0,"Peace fags, just remember I'm best Lux support NA. Drop LustBoy pick me and Kakao up TSM."
13781,3,2,1,0,0,People are fucking retarded lol
13789,3,2,1,0,0,People get more and more retarded everyday
13799,3,2,0,1,0,"People who go to church in Hollywood, CA are all white trash filth."
13800,3,2,0,1,0,People who grow their own vegetables are nothing but common peasant trash.
13801,3,2,1,0,0,People who live in #theNetherlands are unwashed trash.
13804,3,2,0,1,0,People who play #roleplayinggames are human filth and don't deserve the same respect you'd give a mosquito. They're soulless gutter trash.
13816,3,2,1,0,0,Phillip Rivers look like he almost wants to call dude a nigger for that bad play
13878,3,2,1,0,0,"Pop a nigguh, sound like crisco"
13887,3,2,1,0,0,Porch monkey 4 Life
13933,3,2,1,0,0,Punk ass broke faggots.
13973,3,2,1,0,0,RINO trash like see conservatives as the Democrat Party see blacks. As their slave property. #tcot
13977,3,2,1,0,0,"RT ""Wow do we have another faggot? TIMAtheRACER wow do we have another Cam hater? lol"" dat dude is nice"
13978,3,2,1,0,0,"RT "" alla my niggas hot boys , so don't bring no ice in this bitch "
14041,3,2,1,0,0,RT Your Swags off fag sauce
14053,3,2,1,0,0,RT At least i say im crazy...some nigga gotta find out a bitch wild when she shooting at they ass 
14088,6,4,2,0,0,"RT I hate when a nigga ask me ""Where the hoes?"" .... Nigga idfk !"
14140,3,2,0,1,0,RT Gee isn't cracker a racist term? So tired of these race baiters.
14197,3,2,1,0,0,RT I hate trailer trash 
14211,3,2,1,0,0,RT Brandon Phelps a hoe ass nigga And wen I see him I'ma smack him like da lil bitch he is #300
14216,3,2,1,0,0,RT These young cats being drafted in the NBA today are walking lotto tickets! Wait till these niggas find out that pussy come
14233,3,2,1,0,0,RT Rudy Gay a faggot for not changing his last name once he got money.
14250,3,2,1,0,0,RT Ray J is the perfect example of what happens when you give a lame nigga some pussy.
14257,3,2,0,1,0,RT Water is wet. RT Nike DC is trash.
14288,3,2,1,0,0,RT Look at ya boy RT Nigga a faggot RT Bruh RT Chance The Rapper 
14333,3,2,0,1,0,"RT Why do the trashiest, really ghetto girls always get the most likes and comments on insta? Boys up and down their pictures a"
14349,3,2,0,1,0,"RT Remember the ""yellow badge"" Nazis used? 
Israel is making Muslim women carry a yellow badge order to pray in Al-Aqsa.
h"
14363,3,2,1,0,0,"RT Anybody who trashes their own neighborhood after a perceived injustice is a fucking moron. 

#Ferguson"
14416,3,2,1,0,0,RT not about to shoot this pussy! Ima beat his face into the asphalt t ...
14526,3,2,1,0,0,RT chava needs to stay in his lane and keep sending gyro to hell you dont want it with the big boys you dirt infest ass beaner
14527,3,2,1,0,0,RT if i dont get drafted for the squad we gonna have some problems drop the faggot jesus
14528,3,2,0,1,0,RT kill this beaner
14560,3,2,1,0,0,RT who else hated this bitch nigga ?? 
14565,3,2,1,0,0,"RT Man... I was trying to eat  """"Nigga you said it was bitches out here, I showed up for nothin!"" "
14590,3,2,1,0,0,RT I feel like Tim Ross is a nigger
14600,3,2,0,1,0,RT ching chong
14668,3,2,1,0,0,RT it means you're a faggot lol
14674,3,2,1,0,0,RT Dat bitch Katy Perry Can Suck Skin Off Of my Dick
14685,3,2,1,0,0,"RT well he is at Genos. So he is the ultimate faggot
got to show this queer how to eat "
14700,3,2,1,0,0,RT sometimes I wanna upper cut this bitch but I don't know if she's special ed or not
14708,3,2,1,0,0,RT Lmaoo RT That's a legal tackle faggot RT Seriously? 
14727,3,2,1,0,0,"RT Horrible rapper #1 Tyga - Most trash rapper ever ""She want a yellow nigga, corn on the cob"" I smacked my mom when I heard him"
14768,3,2,1,0,0,"RT It's 2014  you niggas still runnin round sayin ""Yall don't eat pussy"". Y'all must be suckin dick."
14778,3,2,1,0,0,RT this girl comes into class with fried chicken and pulls hot sauce out of her purse i mean come on how ghetto  Stereotypi
14806,3,2,1,0,0,RT Is that Kawhi Leonard? Smh RT Wow u really gonna leak ou.. Nvm RT Ion need I fuc nig http:
14837,3,2,1,0,0,"RT !!! is dis wrong??? ""If you fuck wit a lame nigga you a lame bitch"""
14844,3,2,1,0,0,RT Stfu faggot a clip is 4+ holy fucking tittyy shit
14879,3,2,1,0,0,RT you're not safe pussy boy looooool 
14899,9,4,3,2,0,"RT Shawty said you not gone understand america unless you went to a PWI school, crackers already brainwashed her smh lol"
14971,3,2,1,0,0,"RT ...wow? RT Whatever! Fuck all those assholes. They're niggers, they all look alike to me."
14972,6,5,1,0,0,RT Tell me how you really feel. RT those little #ISIS faggots usually have bags over their heads anyway.
14984,6,3,1,2,0,RT I don't support that ya idiot. And if I'm a teabagger you're being teabagged. #OpenWide @1SleepingGiant
15008,3,2,1,0,0,RT Niggas always wanna talk about how God is against gays.. What about that pussy you was eating last night? Ain't God ag
15054,3,2,0,1,0,RT Horrible RT Invader Zim was trash
15086,3,2,1,0,0,RT what the fuck is this disgusting nigger from the movie captain phillips doing on the red carpet for the oscars what the fuc
15092,6,4,2,0,0,RT I don't fuck with these hoes  I don't fuck with niggas that's fuckin these hoes
15119,3,2,1,0,0,RT  my nig
15136,3,2,1,0,0,"RT  RT Gave her that ""move it lil nigger"" push smh.. "
15139,3,2,1,0,0,RT This nigguh Chris Paul
15174,3,2,1,0,0,RT Don't watch me you beta watch your bitch nigga!
15196,3,2,1,0,0,"RT true i need to sleep to make them Gainz bruh!! So all the hoes stay Mirin ;p 
Alright, later"
15271,3,2,0,1,0,RT well how else will white ppl get us to forget our horrific past other than to paint a pretty picture of ho
15288,3,2,1,0,0,RT White trash warfare pt 3  
15307,3,2,1,0,0,RT I'm a Get Money nigga So da hoes Love me
15371,3,2,1,0,0,RT  RT Tight pants and loud colors!!! You look like a fag! 
15419,3,2,1,0,0,RT Mfs still in the same spot as 3yrs ago. Beefing with the same nighas. Sleeping with the same hoes. Eating from the same restau
15500,3,2,1,0,0,"RT While the men will often be rambling and retarded, the women will appear trashy and tipsy, lawless and lustful "
15515,3,2,1,0,0,"RT lmfaoo NEVER I be Dolo , I dont got no niggas,  for my old hoes FUCK ALL THEM "
15521,3,2,1,0,0,RT Why ya niggas be gassin these wack ass bitches ? 
15549,3,2,1,0,0,RT African colored car I push niggerous whips
15555,3,2,1,0,0,"RT Nigga screamed like a Lil bitch lol 

"
15641,3,2,1,0,0,RT That nigger made the shit out of my coffee.
15644,3,2,1,0,0,RT Pillow talking too yo hoe hating on a nigga fuck around loose ya hoe like that 
15653,3,2,1,0,0,RT This nigga is a fuckin faggot 
15657,9,7,2,0,0,RT but you're still a faggot
15680,3,2,1,0,0,"RT When niggas ask me ""Where the hoes at?"" "
15687,3,2,1,0,0,"RT ""Did u call me a bitch?""
""I said you were ACTING like one""
""So you just called me one nigga""
""Shut up bitch"""
15700,3,2,1,0,0,RT My old man has a white galaxy phone cuz he's a fag.
15705,3,2,1,0,0,RT The fox says you're a cunt.
15706,3,2,1,0,0,RT You other niggas a call up a bitch to fight a bitch naw not me I'm whomp that trick so she can feel where I'm coming from
15710,3,2,1,0,0,RT You're a faggotyou're a Texas fan...
15727,3,2,1,0,0,RT Well maybe you're a whore you stupid ugly homeless bitch
15737,3,2,1,0,0,"RT Do you ever just see someone's account and think ""wow what a faggot"" but at the same time you can't unfollow bc u can't m"
15808,9,6,0,3,0,"RT We Muslims have no military honour whatsoever, we are sub human savages that slaughter unarmed men, women  children http:"
15841,3,2,1,0,0,RT Jameis Winston is a nigger
15879,3,2,1,0,0,RT Any bitch who need a crowd to fight is clearly easily influenced  weak minded  most likely will commit suicide 
16007,3,2,1,0,0,RT Nigga wanna bitch about a party y'all know my address knock at my door
16008,3,2,1,0,0,RT if u dont want your heart broken then dont check for a nigga who entertains hoes
16017,3,2,1,0,0,"RT Miley Cyrus pussy probably taste like wet dog, she has a negative ass, and the bitch looks like Justin Bieber, she so ove"
16058,3,2,1,0,0,RT Exactly. .same shit I said So nobody think Mimi was outta line for inviting Stevie J to the gay nicca v
16068,3,2,0,1,0,RT I color my entire arm black with a sharpie and fist my wife's asshole just so she knows what a nigger dick feels like.
16071,3,2,1,0,0,RT On Nigger Day we honor nigger traditions by not working.
16088,3,2,1,0,0,"RT We all know that one person that could say anything and you just look at them thinking ""you're retarded, stfu"" #stupidBitches"
16130,3,2,1,0,0,RT furrybah *in my PayPay voice* RT The hoes are for EVERYBODY my nigga!
16177,3,2,0,1,0,RT Bdubs is packed with beaners 
16322,3,2,1,0,0,RT I'd rather be from a rancho then live in ghetto ass urban areas with niggers and nigger impersonators. Adopting ni
16323,3,2,1,0,0,RT start crying and stalking him faggot. I want to laff
16324,3,2,1,0,0,"RT not gonna happen the coward nigger gets lit up. He knows it. ""PAC has to sign to TMT"" but why di"
16328,3,2,1,0,0,"RT If you dont see the connection between legitimizing the queer lifestyle, and an increase in STD's and sexual deviancy- yo ..."
16342,3,2,1,0,0,"RT ""---- tragedy smh RT Niggas don't know you but will throw dirt on your name for the pussy you h"
16417,3,2,1,0,0,RT Some of y'all hoes so worried about y'all eyebrows y'all forgot y'all had a mustache  LMAO
16438,3,2,1,0,0,RT Happy birthday freshman faggots @Chase123456718
16447,3,2,1,0,0,"RT If you snipe, you're a fucking faggot. I fucking hope all of you snipers get fucking raped and suffer from cancer."
16488,3,2,1,0,0,"RT Dont be a faggot, cover your mouth when you fkn cough or sneeze, I got a immune system to keep strong asshole"
16498,3,2,1,0,0,RT Look at u now u pregnant stupid bitch lol
16521,3,2,1,0,0,RT Vin Scully once called me a camel jockey. #liesaboutvinscully
16541,3,2,1,0,0,"RT Ill break a Bitch down, like the pussy she is."
16568,3,2,1,0,0,RT You hoes need to stop dressing y'all kids as Migos and Rappers that y'all fucked. Lil nigga just wanted to be a power ran
16590,3,2,1,0,0,"RT Here's how your ""suggestion"" plays out 

Racist: ha, those niggers stopped callin each other nigga 

The end"
16592,3,2,1,0,0,RT Wow the stupid nigger in LeBron really came out there
16605,3,2,1,0,0,RT niggas talk more than bitches these days.
16617,3,2,1,0,0,RT I stopped caring about mcm when I noticed dykes where getting chose before me
16622,3,2,1,0,0,RT RT For every bad bitch there is a nigga who treats them like shit  yet they stay..... I wanna ...
16678,3,2,1,0,0,RT If you claim Macklemore is your favorite rapper I'm also assuming you watch the WNBA on your free time faggot
16685,3,2,1,0,0,RT You can be a good girl all you want and those hoes still gonna get us niggas attention from time to time
16689,3,2,1,0,0,RT Happy birthday faggot!  @wagggggie
16855,3,2,1,0,0,RT I really hate attention seeking hoes. Hope they all die
16856,3,2,1,0,0,RT You a hoe if you give your number to another nigga while you got a man
16909,3,2,1,0,0,RT Get these trash ass niggas outta my stadium!!! 
16922,3,2,1,0,0,RT I go to take the trash out and a darkskin nigga stole my damn garbage
16987,3,2,1,0,0,RT I hate taking a shit at public places bc i feel like a faggot when im placing the toilet paper on the toilet seat
17021,3,2,1,0,0,RT U hoes going to church this morning like y'all wasn't busting it wide open for niggas about 4 hours ago
17102,3,2,1,0,0,RT If some little fucking faggot spits in my food I swear to god id tear your fucking arms off 
17103,3,2,1,0,0,RT aight game over. dykes had to ruin it 
17133,3,2,1,0,0,RT Ur fucking white trash
17151,3,2,1,0,0,RT Fucking James tried to tell me Jawga Boys sucked. I went ape shit dude @jawgaboyz
17173,3,2,1,0,0,RT all deze hoes got past demons in em... YOLO nigga lol + Hahahahaha
17175,6,4,2,0,0,"RT 3 MOST COMMON WHITE PEOPLE ACTIVITIES:

1. Wearing Tapout

2. Shooting up schools

3. Calling you a nigger on Xbox"
17185,3,2,0,1,0,RT Proof that thots are retarded. 
17186,3,2,1,0,0,"RT It's because you can't bend me, you can't buy me and you can't make me into your nigger! #Farrakhan #TheTime"
17189,3,2,0,1,0,RT I don't care tho cracker
17225,3,2,1,0,0,RT This nigger tattoo show is horrible
17334,3,2,1,0,0,"RT Stop flattering yourself, bitch. The only fan you have is on your ceiling."
17354,3,2,1,0,0,RT happy birthday my little cotton picker
17357,3,2,1,0,0,"RT i can do somethin good but im always gon be a ""wetback"" coo.. "
17444,3,2,1,0,0,"RT ur a faggot if you change your name to your bday just so you can get bday tweets. this aint FB nigga, fuck yo birthday"
17487,6,5,1,0,0,RT Fucking chinks in Clash of Clans always fuck me up. Bitch ass kamikaze faggots.
17508,3,2,1,0,0,RT Niggaz like all them naked bitches on IG pics NIGGAZ DONT LOVE EM
17557,3,2,1,0,0,RT A real nigga gone teach his bitch the game not run it on her 
17581,3,2,1,0,0,RT RT or you're a fag. 
17605,3,2,1,0,0,"RT #NeverAskABlackPerson if her hair is hers . she will hit you with a ""bitch i bought it , so it's mine"" ."
17626,3,2,0,1,0,RT Automatically suspicious of white folk who try too hard to show they like us darkies.
17642,3,2,1,0,0,RT Look at this faggot 
17694,3,2,0,1,0,"RT IDC what phone u got, lol silly nigger"
17786,3,2,1,0,0,"RT i woke up with a sore throat, im cold, niggers will be niggers. so terrible"
17807,3,2,1,0,0,"RT Some black guy at my school asked if there were colored printers in the library.

""It's 2014 man you can use any printer you"
17819,3,2,1,0,0,RT The reason you called Jesus a monkey is because you knew he was not your color #Farrakhan#TheTime
17858,3,2,1,0,0,RT Only pussy niggas wouldn't fuck with a chick if she has stretch marks..
17907,3,2,1,0,0,"RT ""I hate that hoe already""    this shit cracks me up!"
17916,3,2,1,0,0,RT Being a nigger isn't a color it's a state of mind
17942,3,2,1,0,0,RT Nah I hate white people now since he looks like a dyke RT I think he just ended racism 
17992,3,2,1,0,0,RT I hate when faggots talk shit on here then block me so I can't respond. Bitch I will write you a letter with my response an
18019,4,3,1,0,0,RT His balls ashy RT Real women do this  and real faggots let em do that.. Smh
18037,3,2,1,0,0,RT I hate a bitch dat act like a nigga. 
18061,3,2,1,0,0,RT #niggers! 
18084,3,2,1,0,0,RT lmaoooo what a bunch of fags
18086,3,2,0,1,0,RT I saw a great chimpout 2 summers ago. A middle aged Salvadoran and his 15 Yr old son got wasted by 6 beaners at the metlife 
18109,3,2,1,0,0,RT Most of these niggas go broke for these hoes
18120,3,2,1,0,0,RT If I ride up to your bitch in these then... homie consider yourself a single nigga. 
18180,3,2,1,0,0,RT I'll kill this bitch no hesitation 
18234,3,2,1,0,0,RT This faggit bitch tried to say she hoe'd for hd bearfaced bitch yusa fag
18262,3,2,1,0,0,"RT Was deleting this pic until I realized a dike in the back ground dressed like a nigga with wedges on  , bitch I'm  http:/"
18263,3,2,1,0,0,RT DEAD!! RT When ur fuckin and her pussy stank but u have really good friends........... ht
18266,3,2,1,0,0,RT i fully support same-sex marriage but i'll never stop calling my friends faggots
18359,3,2,1,0,0,"RT ""Light beer? You mean faggot piss?"" -Overly Powered Man"
18376,3,2,1,0,0,RT Smh nigga is mildly retarded RT LMFAO RT If Griff wasnt injuries wed legit be 6-1
18405,3,2,1,0,0,RT You better pray I don't send your nudes out bitch
18426,3,2,1,0,0,RT my inner nigger is coming out
18455,3,2,1,0,0,RT All these bitches  niggaz with they imaginary haters .....
18476,3,2,0,1,0,RT Lmfaooooo RT Lmaoo Thats what u got from this? RT Dougie be yamming the coon all that beat boxing 
18482,3,2,1,0,0,"RT 4) Only pussy niggas who suck dick cry about someone being in their mentions, tweet the person then cry again about the"
18524,3,2,1,0,0,RT everybody tryna fuck the next nigga bitch not knowin that his bitch is the next nigga bitch 
18535,3,2,1,0,0,RT You got niggas  I got bitches but I want you... 
18556,3,2,1,0,0,RT Only fuck niggas would wanna continue to mess with these messy ass bitches vs. somebody who HAS been down for them all a
18572,3,2,1,0,0,RT Lebron your still a bitch you suck nigger hope you die
18573,3,2,0,1,0,RT trash eating trash
18599,3,2,1,0,0,"RT most teachers abuse their position, there's teaching with discipline and there's being a cunt, most are cunts"
18624,3,2,1,0,0,RT you're a retard @ShawnaCarr99
18640,3,2,1,0,0,RT can we please stop talking about how some scumbag faggots mugshot is sexy? you dumb whores.
18675,3,2,1,0,0,"RT In the future, gay culture will be considered cool by America's teens and instead of wiggers there will be straggots."
18788,3,2,1,0,0,RT You know she's a dyke when she asks for men's golf clubs
18889,3,2,1,0,0,"RT not just cause of hoes, go to jail cause of fucking up hoes bloody n making them call you head honcho"
18890,3,2,1,0,0,RT Lmaooo Friday After Next? You like that yo son's a fag?
18937,3,2,1,0,0,"RT You assholes know that referring to a girl as ""bitch"" doesn't make your dick any bigger, right?"
19014,3,2,1,0,0,RT There might be a couple cotton pickers on the spurs but they all play unselfish white man basketball
19042,3,2,0,1,0,"RT ""what can banks do to show engagement with the queer community?"" ""HIRE TRANS WOMEN"""
19074,3,2,1,0,0,RT nigger
19228,3,2,1,0,0,RT I HATE hoe ass people.
19244,3,2,1,0,0,RT man some lame niggah when I find him I'm unfollowing TF out his ass!
19259,3,2,1,0,0,"RT ""I love cripples! Look at all these fucking cripples! Goddamit I'm a people person!"" "
19325,3,2,1,0,0,RT hoes will be hoes .
19331,3,2,1,0,0,RT fuuck jalens a slow bitch!
19350,3,2,1,0,0,"RT ""hey dicklicker! it says im happily divorced not bitter! homophobic? im not scared of queers..i hate em! fudg"
19357,3,2,1,0,0,RT Jessica I'm not afraid to slit your throat tomorrow @
19366,3,2,0,1,0,RT US ghettos-driven by liberal ideology; forged by unions  bankrupted by self-serving Dems catering to parasites!#tcot http://
19388,3,2,1,0,0,RT When kennies angry he talks like a ghetto black man and I really don't even think he notices HAHAHAHAHAHAHA I'm laughing @ 
19412,3,2,1,0,0,"RT How you real, don't put NO money on you nigga books? But chu buy a bitch Chanel just to hit the Puss!"
19426,3,2,1,0,0,RT I would rather fuck a fat chick than allow a nigger into my house.
19438,3,2,1,0,0,RT You have a new boyfriend every week.. Tf you doin hoe?
19465,3,2,1,0,0,"RT No mom. Im not ""dramatic /immature"" i just have fucking mental problems and youre a bitch and a cunt."
19474,3,2,1,0,0,"RT It's ""Comfortable"" but niccas like me say ""Com-tha-ble""...smh"
19514,3,2,1,0,0,RT More queer lady Templars. That's my point.
19526,3,2,1,0,0,RT I don't fuck with bitch niggas I only fuck niggas bitches
19563,3,2,1,0,0,RT Never go full retard 
19629,3,2,1,0,0,RT You got niggas  i got bitches
19637,3,2,0,1,0,"RT ""shes one of the ugliest women Ive ever seen. Cross between a reptile and a crow."" "
19653,3,2,1,0,0,"RT ""Is you a girl or a guy is you my mom or is you my dad ?"" Im a butch dyke"
19682,3,2,1,0,0,"RT realest tweet i seen today RT . Dyke bitches are rehab for hoes.And once im healed,back to the dick I go"
19696,3,2,1,0,0,RT straight guys take a picture of themselves naked in a hot tun.What fags @Randy
19708,3,2,1,0,0,RT If you like After Romeo chances are I think you're a faggot.
19728,3,2,1,0,0,RT Whore slut cunt bitch nigga
19776,3,2,1,0,0,"RT stfu hoe RT ""I'm proud to be African American"" 
- Proud African American

""I'm proud to be white"" 
- Racist
"
19778,3,2,0,1,0,RT Ann Coulter admits on FOX News that America has a negro problem. #crime #tcot #gettingreal
19879,3,2,1,0,0,RT Who wants to chill on campus w me  throw bibles at bitches taking the walk of shame
19896,6,3,2,1,0,RT Mine too  RT This ma niggah 
19954,3,2,1,0,0,RT Bitches be fallin so Inlove w. Niggass  then he go get a new bitch  they try go get a new nigga to try to forget about the 
19961,3,2,1,0,0,RT Too many faggots on here that think they can address me by my first name
19967,3,2,1,0,0,RT Been my main nigguh since digital camera selfies 
20067,3,2,1,0,0,RT Rt *nigga *bitch *him ' I will never date a female with another niggah name on her lol . Wtf .
20096,3,2,1,0,0,RT you the whitest person on my TL but you always so ghetto. Im sick of it
20127,3,2,1,0,0,RT ew she's so ugly who is that hoe
20224,3,2,0,1,0,"RT ""you are trash""

me: "
20260,3,2,1,0,0,"RT one, two, three, four, how many niggers are in my store?"
20265,3,2,0,1,0,RT California's biggest retards. Don't forget about HOLY who just released an amazing EP.
20273,3,2,1,0,0,RT If I was Obama Id call a press conference  slit joe bidens neck on live tv just 2 show these crackers I mean business
20296,3,2,1,0,0,"RT Black girls have never been into me. I guess cause I don't call them hoes, sell drug's or shoot niggas o well."
20361,3,2,1,0,0,RT The way this niggah just flinched at this movie was #priceless @1BookieG
20435,3,2,1,0,0,RT you're a fucking queer
20452,6,4,0,2,0,"RT!
COMMENCE CARPET BOMBING! All #Iraq soldiers in this video  executed by Jihadis from #Tunis "
20455,3,2,1,0,0,RT'in your own shit now pussy what a joke you'd end up just like all the rest no show chicken shit mother fucker
20469,3,2,1,0,0,Raunchy ass hoe.
20537,3,2,0,1,0,Roman Catholics in the US are trash. They give Catholics in Europe a bad name.
20544,3,2,1,0,0,"Roses be red
Orchids be bigger 
Donts tell yo daddy
You fuckin a nigger 
#VDdie"
20575,3,2,1,0,0,"S/O to my favorite nigger to work on the plantation just remember next time, ask for the watermelon. Dont steal it."
20587,3,2,1,0,0,"SIR. PLEASE go text your Mexican bitch, because I'm not Finna deal witcho childish ass "
20592,3,2,1,0,0,STFU BORIS FAGJO! RT Cause he a faggot!! Makes sense now right?? RT Bran prolly real nurturing lol
20609,3,2,1,0,0,"Same reason u look like anthony davis with them eyebrows""Why the fuck do niggers act so different when girls are around?:-S"""
20632,3,2,1,0,0,Scandal: A Negro Bed Wench's Fairy-tale and propaganda:  via A must see for Hebrew Daughters of Zion!
20664,3,2,1,0,0,See Its a FINE LINE Killing #faggots doesn't change the source of their creation. Which is #Stupid PEOPLE #overbreeding #PERIOD
20669,3,2,1,0,0,Seeing ugly bitches get pregnant let's me know that nigga swill fuck anything with a pussy. Alcohol is no longer the excuse. You was pressed
20675,3,2,0,1,0,Senator is an anchor baby! Go back from where you came. #natural #born #Canadian
20732,6,4,1,1,0,She got every niggah lookin like dam
20779,3,2,1,0,0,"Sheeple just like those ""racist"" ""sexist"" ""teabaggers""who just elected these two old white men. "
20828,3,2,1,0,0,Shut up faggot
20841,3,2,0,1,0,Sick of your coon antics RT Accuracy RT Henny  water 
20866,3,2,1,0,0,Sitting at the bar at work watching Walking Dead and all these fucking wetbacks decide to come in  turn on their spic music. Jesus Christ
20898,3,2,1,0,0,Smh hate that hoe
20900,3,2,1,0,0,Smh queer
20901,3,2,1,0,0,Smh u niggers  ur music knowledge
20922,3,2,1,0,0,So I decided to drive to the good walmart where the colored folks don't go bc it's food here.
20958,3,2,1,0,0,So many bitches in one sentence #fixitjesus
20960,3,2,0,1,0,So many hoes whipped you would have thought we were still in slavery
20972,3,2,1,0,0,So niggers really believe Phelps just smokin on a regular huh? Tell me now  I'll log off for the night
21007,3,2,1,0,0,Soetoro/Obama is moving the country #Forward w/ his vision. His vision is to downsize our 'oppressive' country and get even w/ whitey. #War
21031,3,2,1,0,0,Some lying ass hoes lol
21036,3,2,1,0,0,Some niggas save hoes
21042,3,2,1,0,0,Some of these hood negros don't deserve bail money the way they be visiting jail.
21055,3,2,1,0,0,"Somebody couldve been like ""aye man you dropped your money"" but nooooooo fucking broke faggots selfish bastards i hate yall"
21070,3,2,0,1,0,Someone shut this beaner up please.
21099,3,2,1,0,0,Sonnen is a faggot
21101,3,2,1,0,0,"Soon will be to ""Fuck Backtrack"" and I can't wait because fuck those faggots."
21109,3,2,1,0,0,Sorry fo da rant. It make me mad and ashamed to be colored. I wish I be white so y'all would like me
21117,3,2,1,0,0,Southwest airlines is like driving in a mini van with your white trash cousins who love to huff paint thinner before before working.
21127,3,2,1,0,0,"Spending money on these hoes , nigga you aint fuck SHIT "
21141,3,2,1,0,0,Stay home then bitch fuck u
21162,3,2,1,0,0,"Still really confused re #humplayproblems i think lucricus
Is a fag dagger"
21167,3,2,1,0,0,Stoni is a fuckin queer...
21188,3,2,1,0,0,Stuck up serious bitches are possibly the worst type of girls. Ever.
21209,3,2,1,0,0,Stupid teabagger restaurant making customers pay 'Minimum Wage Fee' 
21210,3,2,1,0,0,Stupid white people making my posts relevant to they own life #stupid #cousintoucher #honkie #whitetrash #blonde
21263,3,2,1,0,0,TRUST ME when I say that #JesusChrist would be KILLING #faggots if he came back to life in today's day and age #Spartacus #Rome
21390,3,2,1,0,0,That dumb black bitch that was getting the cards for the picture made me so fucking mad she ruined my day 
21393,3,2,1,0,0,That fucking slutty beaner
21419,3,2,1,0,0,That pic is now circulated by Jihadis with a call to kill him.  #Saudi #ISIS #Syria
21437,3,2,0,1,0,That was my faggot rant for the night.
21479,3,2,1,0,0,The #midwest of the US is white trash.
21480,3,2,1,0,0,The #south of the US is white trash.
21482,3,2,1,0,0,"The elite call conservatives ""our niggers"" behind closed doors. #tcot #teaparty"
21507,3,2,1,0,0,The South is full of white trash. The Midwest is full of white trash. The West Coast if full of white trash.
21538,3,2,1,0,0,The chinks really hunting their food... RT Dog shot with arrow in N.O. East- 
21556,3,2,1,0,0,The fucking Royals bitch! Work!
21577,3,2,1,0,0,The leftist/homosexual war on the #Catholic church kicked into high gear with the infiltration of the priesthood by boy-raping fags...
21588,3,2,1,0,0,"The nations know who we are, but we rather be real niggers  bad bitches. "
21598,3,2,1,0,0,The people who have historically been called white trash were called that for a reason. They're white trash. The truth hurts.
21606,3,2,1,0,0,The reason Shelby hates sandwiches is because he is a queer. @RonandFezSXM
21610,3,2,0,1,0,The rich kids of beverly hills is trash and not even entertaining trash. And why do they all look mid thirties?
21619,3,2,1,0,0,The thing about working with black people. These bitches never on fucking time then wanna complain about a short check. Bitch die.Today. now
21652,3,2,1,0,0,Them queer ass shorts Rabchenko got on
21783,3,2,1,0,0,These hoes be lying to all of us nigga I got news for the monogamous niggas yo bitch fucking anonymous niggas!!!
21836,3,2,1,0,0,These niggas retarded... Lmfaoo
21842,3,2,1,0,0,These people are fags.
21883,3,2,1,0,0,They should have never gave a cracker a transmitter!!!!!! will flip when he sees this. 
21884,3,2,1,0,0,They slut for me they kill for me they steal for me and of course it'll be yo cash and I'll murder that bitch send the body back to yo ass
21899,3,2,1,0,0,Think it's okay to take my property and break it? Fuck you bitch
22043,3,2,1,0,0,This girl is retarded
22087,3,2,1,0,0,This kid looks like a retard when he tries hiding his phone... so obvious
22107,3,2,1,0,0,This nigga jerry room smell like bad pussy!
22110,3,2,1,0,0,This nigga over here telling me he dont fuck with this bitch . When he do . Or maybe she lying lol
22119,3,2,1,0,0,This niggah know wassup
22123,3,2,0,1,0,This nigglet 
22133,3,2,1,0,0,This rain got yall women talking out your ass.. A nigga should spend 80% of his income on a bitch  bruh get these hoes the fuck outta here
22152,3,2,1,0,0,This time a night dark skin niggas really turn into lightskin niggas I swear I seen a darkie try buying Starbucks 3mins ago but they closed
22155,3,2,1,0,0,This week's RFN segment is in the can. I discuss Idaho being a faggot marriage state just like Washington.
22159,3,2,1,0,0,This white bitch tried to set me up for a racial war ... Lol bitch it's impossible I'm smarter then you
22169,3,2,0,1,0,Those guys are the definition of white trash
22219,3,2,1,0,0,Told my dad to go buy cookies for the graduation reception...this nigga bought Oreos.
22272,3,2,1,0,0,Truth RT Only a faggot would turn down hairy pussy
22296,3,2,0,1,0,"Twice divorced teabagger Florida Attorney General says marriage is reserved for 'stable, enduring family units'  #wtf"
22301,3,2,1,0,0,Twitter is for fags.
22325,3,2,1,0,0,"Typically hateful, anti-Christian, mentally ill and ugly dyke trash pig couple Jennifer McCarthy and Melisa Erwin "
22331,3,2,1,0,0,U coons can't wait to wear them Oreo J's
22383,6,3,2,1,0,Uncle Tom Hypocrite! 
22412,3,2,1,0,0,Vanessa is such a fuckin faggot.
22458,3,2,1,0,0,Waiting on this wetback sycksyllables 
22462,3,2,1,0,0,Wake up you stoopid dyke @RandyPawlik
22481,3,2,1,0,0,Washing my coon hair
22482,3,2,1,0,0,Wassup wit all these fucc niccas
22487,3,2,1,0,0,Watch out nigger lovers. You day is coming. 
22495,3,2,1,0,0,Watching the nigger movie Menace2society. Trying to learn more about the enemy. Good reconnaissance.
22523,3,2,1,0,0,We hate you too lil nicca! Lol RT I Hate The Steelers Dawg
22560,3,2,1,0,0,"Well gahdamn. RT Wooooow ""Good job mommy"" cutest thing blue ivy ever done she still an ugly nigger baby"
22587,3,2,1,0,0,What a fucking faggot
22593,3,2,1,0,0,What a wetback looks like when he gets caught crossing the border. 
22615,3,2,1,0,0,"What ppl expect, august aslina is a nig from New Orleans"
22624,3,2,1,0,0,"What these bitches want from a nigga?, like on some DMX shit"
22640,3,2,1,0,0,What's so good about Prom? All I see is another faggot ass High School dance.
22645,3,2,1,0,0,What's up faggots bet y'all thought you'd seen the last of me
22647,3,2,1,0,0,What's worse than #Ebola ? The F-ing retards trying to make it a race issue. Al Sharpton has caused more American death than ebola.
22680,3,2,1,0,0,When a pussy nigga socks you and doesn't knock you out.
22709,6,3,1,2,0,"When it rains it's good ""go to the mall weather"" all the coons be at home"
22801,3,2,1,0,0,White trash have taken over every charity organization in the US.
22812,3,2,1,0,0,Who takes mid from the best midlaner NA??? Fuckin solo Q fags.
22848,3,2,1,0,0,Why are some people such faggots? Like were you born that way or are you just that big of a douche bag.
22876,3,2,1,0,0,"Why does this faggot in front of me have to get two dozen doughnuts right now, get the fuck on"
22921,3,2,1,0,0,Why you think all these niggas end up with all these kids? Fucking ugly bitches
22937,3,2,1,0,0,Wish I coulda said more to tonight. Good seeing you fag. 
22967,3,2,1,0,0,Women who are feminist are the ugly bitches who cant find a man for themselves
23037,3,2,1,0,0,Y'all hoes really get mad cause a nigga don't want cha
23114,3,2,1,0,0,"Yea alright redneck white trash""Stupid niggers hollering out their car going down the road trying to hit on me! Fuck y'all!"""
23175,3,2,1,0,0,Yo bitch ass needs to boss the fuck up.
23184,3,2,1,0,0,Yo bitch on my dick she come to my crib she get passed around no love
23207,3,2,1,0,0,"Yost on Portsmouth ""this is the biggest white trash county in the nation"" #YostKnowsMost @iDOWNTOWN"
23208,3,2,1,0,0,"You #football #nigga #KISS #ISIS #wifebeater #faggots WE SEE YOU Shout it out to the RADICAL #IslamNation, #YO"
23217,3,2,1,0,0,You a hoe if you crying because yo ass pregnant. It was all smiles while you was riding that dick bitch.
23225,3,2,1,0,0,You a real life faggot if you ever fight another man because he fucked your girl. You just gotta take that L like a man and move on
23279,3,2,1,0,0,You can't owe me shit ion trust niccas
23307,3,2,0,1,0,"You fucking fag this is exactly what i am talking about 

women are pigs "
23315,3,2,1,0,0,You got me faggot
23324,3,2,1,0,0,You hate football your a faggot
23357,3,2,1,0,0,You know what fuck you too bitch your such a little hoe! .
23366,3,2,1,0,0,You like them bitch niggas.
23391,3,2,1,0,0,"You old bitter,salty ass niccas make my flesh crawl off my bones! Such bitches you are! #DontArgueJustAcceptIt"
23420,3,2,1,0,0,You some type of special faggot if you bring chocolate Swishers to a smoke session.
23421,3,2,0,1,0,You state it gook
23450,3,2,1,0,0,Youre a little bitch RT RT my team got blown out in the Super Bowl
23461,3,2,1,0,0,You're all faggot fuckheads.
23468,3,2,1,0,0,You're just another nigguh.
23486,3,2,1,0,0,Your acting like a spoiled little faggot have fun
23508,3,2,1,0,0,Your retarded.
23510,3,2,1,0,0,"Youre a fucking ugly bitch, I wanna stab you to death and then play around with your blood -Patrick Bateman"
23524,3,2,1,0,0,Zimmerman we comin for yo life bitch. 
23536,3,2,1,0,0,ah nigga dat cares about opinions and get involve in hoe shit either Gay broke or ain't getting enough pussy!!
23537,3,2,1,0,0,ahah fucking queer kill urself
23632,9,5,4,0,0,"bitch kill yoself, go on to the bathroom and eat the pills bitch, all of em"
23651,3,2,1,0,0,bitch you're white stfu with your shitty Spanish
23663,3,2,1,0,0,bitches be like i'm mixed wit Italian Chinese nd African American I be like bitch just cuz you ate ur 
23707,3,2,1,0,0,cant trust niggas when it come to bitches
23750,3,2,1,0,0,dem niggas ca have them white hoes.... I love my beautiful black sistas....
23762,3,2,1,0,0,do you think all the rice fags are at McDonald's?
23785,3,2,1,0,0,dumb ugly stupid bullshit ass bitch 
23807,3,2,1,0,0,"everybody's favorite phrase to try and end an argument
""You do you and I do me"" 
lmao faggots"
23816,3,2,1,0,0,fat bitches fat bitches heeeey
23840,3,2,1,0,0,fucking CHRIST i hate tutors and TAs. you literally get paid to teach retards to stop picking their nose. GET THE FUCK OUTTA MY FACE
23857,3,2,1,0,0,go get left in a hot car and die bitch
23882,3,2,1,0,0,guy complains to me: #gays are over-sensitive... my response: and look at you complaining like little pussy. waahh waahh #hypocrite
23896,3,2,1,0,0,harm this pussy instead RT missing 26-yr-old USC medical student last seen Tuesday May harm himself 
23922,3,2,1,0,0,hoe ass nigga 
23946,3,2,1,0,0,how the fuck do all these fucking faggot ass randos even find zoe's ask account????
23974,3,2,1,0,0,"i find it funny when fags write ""looking for bf"" on a grindr ap. LOL thats a fucking ap dumbass."
23981,3,2,1,0,0,i hate hoes.
24090,3,2,1,0,0,ion speak on how flaw niggas and thirsty hoes be on I.g but boyyyyyy look at here 
24098,3,2,0,1,0,"it means that im following orders and being subordinate. sue me, ya dyke"
24190,3,2,0,1,0,looking like a hillbilly and not matching is what I do best goodnight losers 
24235,3,2,0,1,0,my mom tried to get me to buy beaner boots bc they were on sale like I'm not in a mariachi band please stop.
24261,3,2,1,0,0,nigga u a cunt where yo fendi clutch
24264,3,2,1,0,0,niggas ain't playin a gram of defense man George need to tell these bitch ass niggas man up
24313,3,2,1,0,0,omg RT Fat bitch. What's her 
24322,3,2,1,0,0,one day im like harry styles is so hot the next day is who tf is this faggot
24332,3,2,1,0,0,only lesbians get their nips pierced ew
24361,3,2,0,1,0,pure trash 
24388,3,2,0,1,0,redneck in the White House // Moccasin Creek 
24409,3,2,1,0,0,"she pooted Either Young Thug gay, or this bitch pooted "
24429,3,2,1,0,0,slow replies make me feel like a retard and I just want to put my foot through a wall... hjhdyhdhlgjdftilh
24435,3,2,1,0,0,smh RT Tyga shoulda knew Blacc Chyna was a hoe when his son crip walked out her pussy.
24454,3,2,0,1,0,someones clearly a stinky ass beaner...
24476,3,2,1,0,0,stupid loose pussyed bitch
24483,3,2,1,0,0,talking crazy over the Internet is the same thing as doing it in person. don't try to be buddy buddy with me later on faggot fuck you.
24487,3,2,1,0,0,"tell the hating niggah 
stfu"
24556,3,2,0,1,0,they shot another monkey lmaooooooooooo
24575,3,2,1,0,0,this guy is the biggest faggot omfg
24684,3,2,1,0,0,"which one of these names is more offensive kike, wop, kraut, wetback jigaboo, towelhead, gook, or redskin."
24750,3,2,1,0,0,you a pussy ass nigga and I know it nigga.
24776,3,2,1,0,0,you're such a retard i hope you get type 2 diabetes and die from a sugar rush you fucking faggot @Dare_ILK
